time,gFx,gFy,gFz
2020-12-09 22:55:05.1690,-0.081,-0.337,-1.009,1.067
2020-12-09 22:55:05.1780,-0.071,-0.274,-1.108,1.144
2020-12-09 22:55:05.1890,-0.058,-0.222,-1.167,1.189
2020-12-09 22:55:05.2210,-0.031,-0.142,-1.087,1.097
2020-12-09 22:55:05.2210,-0.031,-0.142,-1.087,1.097
2020-12-09 22:55:05.2210,-0.031,-0.142,-1.087,1.097
2020-12-09 22:55:05.2270,-0.01,-0.145,-1.029,1.039
2020-12-09 22:55:05.2370,0.016,-0.159,-0.961,0.974
2020-12-09 22:55:05.2470,0.031,-0.174,-0.889,0.906
2020-12-09 22:55:05.2570,0.043,-0.192,-0.834,0.857
2020-12-09 22:55:05.2680,0.054,-0.214,-0.79,0.82
2020-12-09 22:55:05.2790,0.052,-0.221,-0.757,0.79
2020-12-09 22:55:05.2880,0.042,-0.222,-0.758,0.791
2020-12-09 22:55:05.3230,0.006,-0.195,-0.841,0.863
2020-12-09 22:55:05.3240,0.006,-0.195,-0.841,0.863
2020-12-09 22:55:05.3240,0.006,-0.195,-0.841,0.863
2020-12-09 22:55:05.3270,-0.007,-0.181,-0.858,0.877
2020-12-09 22:55:05.3370,-0.018,-0.17,-0.872,0.889
2020-12-09 22:55:05.3470,-0.035,-0.167,-0.879,0.895
2020-12-09 22:55:05.3580,-0.057,-0.173,-0.891,0.909
2020-12-09 22:55:05.3690,-0.075,-0.196,-0.916,0.94
2020-12-09 22:55:05.3780,-0.09,-0.218,-0.903,0.933
2020-12-09 22:55:05.3890,-0.114,-0.222,-0.859,0.895
2020-12-09 22:55:05.4240,-0.114,-0.26,-0.918,0.961
2020-12-09 22:55:05.4250,-0.114,-0.26,-0.918,0.961
2020-12-09 22:55:05.4250,-0.114,-0.26,-0.918,0.961
2020-12-09 22:55:05.4280,-0.073,-0.268,-0.924,0.965
2020-12-09 22:55:05.4380,-0.036,-0.286,-0.923,0.967
2020-12-09 22:55:05.4480,-0.016,-0.303,-0.875,0.926
2020-12-09 22:55:05.4580,-0.002,-0.31,-0.815,0.872
2020-12-09 22:55:05.4690,0.014,-0.316,-0.778,0.84
2020-12-09 22:55:05.4790,0.031,-0.333,-0.761,0.831
2020-12-09 22:55:05.4890,0.048,-0.354,-0.761,0.841
2020-12-09 22:55:05.5220,0.032,-0.398,-0.755,0.854
2020-12-09 22:55:05.5230,0.032,-0.398,-0.755,0.854
2020-12-09 22:55:05.5230,0.032,-0.398,-0.755,0.854
2020-12-09 22:55:05.5280,0.02,-0.418,-0.726,0.838
2020-12-09 22:55:05.5380,0.008,-0.436,-0.697,0.822
2020-12-09 22:55:05.5480,0.001,-0.45,-0.688,0.822
2020-12-09 22:55:05.5580,0.001,-0.464,-0.682,0.825
2020-12-09 22:55:05.5690,0.011,-0.475,-0.668,0.82
2020-12-09 22:55:05.5790,0.022,-0.484,-0.678,0.833
2020-12-09 22:55:05.5890,0.033,-0.489,-0.699,0.854
2020-12-09 22:55:05.6250,0.078,-0.491,-0.791,0.934
2020-12-09 22:55:05.6250,0.078,-0.491,-0.791,0.934
2020-12-09 22:55:05.6260,0.078,-0.491,-0.791,0.934
2020-12-09 22:55:05.6280,0.089,-0.48,-0.8,0.937
2020-12-09 22:55:05.6380,0.067,-0.466,-0.808,0.935
2020-12-09 22:55:05.6480,0.042,-0.465,-0.825,0.948
2020-12-09 22:55:05.6580,0.067,-0.456,-0.819,0.94
2020-12-09 22:55:05.6690,0.049,-0.439,-0.801,0.915
2020-12-09 22:55:05.6790,0.033,-0.433,-0.805,0.915
2020-12-09 22:55:05.6890,0.039,-0.433,-0.796,0.907
2020-12-09 22:55:05.7270,0.065,-0.411,-0.784,0.888
2020-12-09 22:55:05.7280,0.065,-0.411,-0.784,0.888
2020-12-09 22:55:05.7280,0.065,-0.411,-0.784,0.888
2020-12-09 22:55:05.7290,0.05,-0.433,-0.823,0.931
2020-12-09 22:55:05.7390,0.051,-0.446,-0.891,0.998
2020-12-09 22:55:05.7490,0.076,-0.443,-0.978,1.076
2020-12-09 22:55:05.7590,0.084,-0.444,-1.041,1.135
2020-12-09 22:55:05.7700,0.075,-0.44,-1.069,1.158
2020-12-09 22:55:05.7800,0.058,-0.408,-1.087,1.162
2020-12-09 22:55:05.7900,0.045,-0.332,-1.125,1.174
2020-12-09 22:55:05.8240,0.027,-0.037,-1.049,1.05
2020-12-09 22:55:05.8240,0.027,-0.037,-1.049,1.05
2020-12-09 22:55:05.8240,0.027,-0.037,-1.049,1.05
2020-12-09 22:55:05.8290,-0.033,0.055,-1.078,1.08
2020-12-09 22:55:05.8390,-0.018,0.069,-1.212,1.214
2020-12-09 22:55:05.8490,0.016,-0.006,-1.209,1.209
2020-12-09 22:55:05.8590,0.078,-0.057,-1.176,1.18
2020-12-09 22:55:05.8700,0.155,-0.071,-1.134,1.147
2020-12-09 22:55:05.8800,0.203,-0.088,-1.059,1.082
2020-12-09 22:55:05.8900,0.234,-0.117,-0.991,1.025
2020-12-09 22:55:05.9290,0.078,-0.242,-1.134,1.162
2020-12-09 22:55:05.9290,0.078,-0.242,-1.134,1.162
2020-12-09 22:55:05.9290,0.078,-0.242,-1.134,1.162
2020-12-09 22:55:05.9300,0.078,-0.242,-1.134,1.162
2020-12-09 22:55:05.9390,0.008,-0.244,-1.283,1.306
2020-12-09 22:55:05.9490,-0.083,-0.228,-1.441,1.461
2020-12-09 22:55:05.9590,-0.164,-0.173,-1.599,1.617
2020-12-09 22:55:05.9700,-0.2,-0.106,-1.695,1.71
2020-12-09 22:55:05.9800,-0.214,-0.065,-1.743,1.757
2020-12-09 22:55:05.9900,-0.218,-0.066,-1.767,1.782
2020-12-09 22:55:06.0260,-0.212,-0.233,-1.626,1.656
2020-12-09 22:55:06.0260,-0.212,-0.233,-1.626,1.656
2020-12-09 22:55:06.0260,-0.212,-0.233,-1.626,1.656
2020-12-09 22:55:06.0290,-0.247,-0.298,-1.556,1.603
2020-12-09 22:55:06.0390,-0.231,-0.359,-1.4,1.464
2020-12-09 22:55:06.0490,-0.203,-0.441,-1.414,1.495
2020-12-09 22:55:06.0590,-0.2,-0.452,-1.312,1.402
2020-12-09 22:55:06.0710,-0.2,-0.439,-1.194,1.288
2020-12-09 22:55:06.0800,-0.186,-0.444,-1.154,1.25
2020-12-09 22:55:06.0900,-0.221,-0.418,-1.152,1.245
2020-12-09 22:55:06.1290,-0.106,-0.374,-1.363,1.417
2020-12-09 22:55:06.1300,-0.106,-0.374,-1.363,1.417
2020-12-09 22:55:06.1300,-0.106,-0.374,-1.363,1.417
2020-12-09 22:55:06.1310,-0.106,-0.374,-1.363,1.417
2020-12-09 22:55:06.1400,-0.118,-0.34,-1.367,1.414
2020-12-09 22:55:06.1500,-0.162,-0.307,-1.316,1.361
2020-12-09 22:55:06.1600,-0.198,-0.275,-1.179,1.227
2020-12-09 22:55:06.1710,-0.226,-0.256,-1.04,1.095
2020-12-09 22:55:06.1800,-0.23,-0.22,-0.886,0.941
2020-12-09 22:55:06.1910,-0.214,-0.18,-0.776,0.825
2020-12-09 22:55:06.2280,-0.1,-0.097,-0.757,0.77
2020-12-09 22:55:06.2280,-0.1,-0.097,-0.757,0.77
2020-12-09 22:55:06.2280,-0.1,-0.097,-0.757,0.77
2020-12-09 22:55:06.2300,-0.081,-0.046,-0.805,0.81
2020-12-09 22:55:06.2400,-0.073,0.005,-0.89,0.893
2020-12-09 22:55:06.2500,-0.093,0.063,-0.951,0.958
2020-12-09 22:55:06.2600,-0.146,0.109,-1.024,1.04
2020-12-09 22:55:06.2720,-0.21,0.147,-1.092,1.122
2020-12-09 22:55:06.2810,-0.251,0.145,-1.11,1.147
2020-12-09 22:55:06.2910,-0.29,0.098,-0.966,1.013
2020-12-09 22:55:06.3280,-0.219,-0.345,-0.542,0.679
2020-12-09 22:55:06.3290,-0.219,-0.345,-0.542,0.679
2020-12-09 22:55:06.3290,-0.219,-0.345,-0.542,0.679
2020-12-09 22:55:06.3300,-0.162,-0.49,-0.666,0.843
2020-12-09 22:55:06.3400,-0.12,-0.504,-0.968,1.098
2020-12-09 22:55:06.3500,-0.127,-0.393,-1.354,1.416
2020-12-09 22:55:06.3600,-0.11,-0.281,-1.709,1.735
2020-12-09 22:55:06.3720,-0.019,-0.238,-1.908,1.923
2020-12-09 22:55:06.3810,0.087,-0.229,-1.953,1.968
2020-12-09 22:55:06.3910,0.235,-0.322,-1.848,1.891
2020-12-09 22:55:06.4280,0.55,-0.726,-1.423,1.69
2020-12-09 22:55:06.4280,0.55,-0.726,-1.423,1.69
2020-12-09 22:55:06.4280,0.55,-0.726,-1.423,1.69
2020-12-09 22:55:06.4300,0.346,-0.671,-1.303,1.506
2020-12-09 22:55:06.4400,0.195,-0.685,-1.045,1.265
2020-12-09 22:55:06.4500,0.213,-0.776,-0.757,1.105
2020-12-09 22:55:06.4600,0.246,-0.845,-0.36,0.951
2020-12-09 22:55:06.4720,0.281,-0.85,0.026,0.896
2020-12-09 22:55:06.4810,0.352,-0.796,0.313,0.925
2020-12-09 22:55:06.4910,0.479,-0.725,0.486,0.996
2020-12-09 22:55:06.5230,1.016,-0.338,0.18,1.086
2020-12-09 22:55:06.5230,1.016,-0.338,0.18,1.086
2020-12-09 22:55:06.5230,1.016,-0.338,0.18,1.086
2020-12-09 22:55:06.5310,1.085,-0.201,-0.107,1.109
2020-12-09 22:55:06.5410,1.038,-0.097,-0.366,1.105
2020-12-09 22:55:06.5500,0.913,-0.014,-0.549,1.065
2020-12-09 22:55:06.5610,0.693,0.065,-0.722,1.003
2020-12-09 22:55:06.5720,0.38,0.109,-0.891,0.975
2020-12-09 22:55:06.5820,0.157,0.061,-1.028,1.042
2020-12-09 22:55:06.5910,0.06,-0.107,-1.071,1.078
2020-12-09 22:55:06.6280,-0.426,-0.375,-0.895,1.06
2020-12-09 22:55:06.6280,-0.426,-0.375,-0.895,1.06
2020-12-09 22:55:06.6290,-0.426,-0.375,-0.895,1.06
2020-12-09 22:55:06.6310,-0.506,-0.506,-0.926,1.17
2020-12-09 22:55:06.6410,-0.552,-0.57,-0.931,1.223
2020-12-09 22:55:06.6510,-0.529,-0.514,-0.998,1.241
2020-12-09 22:55:06.6610,-0.517,-0.326,-1.102,1.26
2020-12-09 22:55:06.6720,-0.476,-0.08,-1.271,1.36
2020-12-09 22:55:06.6820,-0.318,-0.01,-1.413,1.448
2020-12-09 22:55:06.6920,-0.206,-0.031,-1.495,1.509
2020-12-09 22:55:06.7300,-0.548,-0.067,-1.198,1.319
2020-12-09 22:55:06.7300,-0.548,-0.067,-1.198,1.319
2020-12-09 22:55:06.7300,-0.548,-0.067,-1.198,1.319
2020-12-09 22:55:06.7310,-0.582,-0.117,-0.862,1.047
2020-12-09 22:55:06.7410,-0.551,-0.124,-0.493,0.75
2020-12-09 22:55:06.7510,-0.472,-0.085,-0.199,0.519
2020-12-09 22:55:06.7610,-0.363,-0.028,-0.068,0.37
2020-12-09 22:55:06.7730,-0.277,0.047,-0.068,0.289
2020-12-09 22:55:06.7820,-0.224,0.154,-0.203,0.339
2020-12-09 22:55:06.7920,-0.141,0.272,-0.386,0.493
2020-12-09 22:55:06.8310,-0.226,0.07,-1.654,1.671
2020-12-09 22:55:06.8310,-0.226,0.07,-1.654,1.671
2020-12-09 22:55:06.8320,-0.226,0.07,-1.654,1.671
2020-12-09 22:55:06.8320,-0.226,0.07,-1.654,1.671
2020-12-09 22:55:06.8420,-0.369,-0.192,-1.865,1.911
2020-12-09 22:55:06.8510,-0.615,-0.294,-1.79,1.915
2020-12-09 22:55:06.8620,-0.758,-0.308,-1.437,1.654
2020-12-09 22:55:06.8730,-0.662,-0.403,-1.011,1.274
2020-12-09 22:55:06.8820,-0.316,-0.534,-0.753,0.976
2020-12-09 22:55:06.8920,0.076,-0.643,-0.671,0.932
2020-12-09 22:55:06.9290,0.217,-0.033,-2.009,2.021
2020-12-09 22:55:06.9300,0.217,-0.033,-2.009,2.021
2020-12-09 22:55:06.9300,0.217,-0.033,-2.009,2.021
2020-12-09 22:55:06.9310,0.192,0.118,-2.449,2.459
2020-12-09 22:55:06.9440,0.226,0.197,-2.663,2.68
2020-12-09 22:55:06.9520,0.434,0.075,-2.582,2.619
2020-12-09 22:55:06.9640,0.682,-0.136,-2.27,2.374
2020-12-09 22:55:06.9730,0.818,-0.193,-1.883,2.062
2020-12-09 22:55:06.9820,0.93,-0.196,-1.465,1.746
2020-12-09 22:55:06.9930,1.04,-0.181,-1.088,1.516
2020-12-09 22:55:07.0300,1.367,-0.28,-0.382,1.447
2020-12-09 22:55:07.0300,1.367,-0.28,-0.382,1.447
2020-12-09 22:55:07.0300,1.367,-0.28,-0.382,1.447
2020-12-09 22:55:07.0320,1.386,-0.462,-0.292,1.49
2020-12-09 22:55:07.0420,1.213,-0.617,-0.225,1.379
2020-12-09 22:55:07.0520,0.832,-0.629,-0.135,1.052
2020-12-09 22:55:07.0620,0.444,-0.573,-0.014,0.725
2020-12-09 22:55:07.0720,0.195,-0.488,0.154,0.548
2020-12-09 22:55:07.0830,0.123,-0.442,0.363,0.585
2020-12-09 22:55:07.0930,0.169,-0.4,0.52,0.677
2020-12-09 22:55:07.1250,0.516,-0.171,-0.285,0.614
2020-12-09 22:55:07.1250,0.516,-0.171,-0.285,0.614
2020-12-09 22:55:07.1250,0.516,-0.171,-0.285,0.614
2020-12-09 22:55:07.1320,0.592,-0.12,-0.713,0.934
2020-12-09 22:55:07.1420,0.616,-0.065,-1.099,1.262
2020-12-09 22:55:07.1520,0.639,-0.03,-1.349,1.493
2020-12-09 22:55:07.1620,0.772,-0.239,-1.376,1.596
2020-12-09 22:55:07.1730,0.868,-0.506,-1.357,1.688
2020-12-09 22:55:07.1830,0.817,-0.471,-1.33,1.63
2020-12-09 22:55:07.1930,0.705,-0.372,-1.226,1.462
2020-12-09 22:55:07.2260,-0.109,0.209,-1.467,1.486
2020-12-09 22:55:07.2260,-0.109,0.209,-1.467,1.486
2020-12-09 22:55:07.2260,-0.109,0.209,-1.467,1.486
2020-12-09 22:55:07.2320,-0.403,0.41,-1.774,1.865
2020-12-09 22:55:07.2430,-0.53,0.558,-1.949,2.095
2020-12-09 22:55:07.2520,-0.44,0.585,-2.011,2.14
2020-12-09 22:55:07.2640,-0.198,0.514,-1.979,2.054
2020-12-09 22:55:07.2740,0.004,0.47,-1.847,1.906
2020-12-09 22:55:07.2830,0.082,0.419,-1.656,1.71
2020-12-09 22:55:07.2930,0.072,0.322,-1.421,1.459
2020-12-09 22:55:07.3310,-0.234,0.068,-0.468,0.528
2020-12-09 22:55:07.3310,-0.234,0.068,-0.468,0.528
2020-12-09 22:55:07.3310,-0.234,0.068,-0.468,0.528
2020-12-09 22:55:07.3320,-0.341,0.077,-0.211,0.408
2020-12-09 22:55:07.3430,-0.397,0.106,-0.053,0.414
2020-12-09 22:55:07.3520,-0.408,0.171,-0.035,0.444
2020-12-09 22:55:07.3620,-0.339,0.217,-0.131,0.423
2020-12-09 22:55:07.3730,-0.232,0.222,-0.276,0.423
2020-12-09 22:55:07.3840,-0.124,0.192,-0.427,0.484
2020-12-09 22:55:07.3940,-0.036,0.139,-0.53,0.549
2020-12-09 22:55:07.4290,-0.183,0.005,-0.903,0.921
2020-12-09 22:55:07.4290,-0.183,0.005,-0.903,0.921
2020-12-09 22:55:07.4300,-0.183,0.005,-0.903,0.921
2020-12-09 22:55:07.4330,-0.316,-0.033,-1.017,1.065
2020-12-09 22:55:07.4430,-0.447,-0.145,-0.819,0.944
2020-12-09 22:55:07.4530,-0.487,-0.116,-0.415,0.65
2020-12-09 22:55:07.4630,-0.138,-0.257,-0.099,0.308
2020-12-09 22:55:07.4740,0.311,-0.595,-0.004,0.671
2020-12-09 22:55:07.4840,0.434,-0.701,-0.469,0.949
2020-12-09 22:55:07.4940,0.283,-0.419,-1.251,1.349
2020-12-09 22:55:07.5300,-0.402,0.234,-3.461,3.492
2020-12-09 22:55:07.5300,-0.402,0.234,-3.461,3.492
2020-12-09 22:55:07.5300,-0.402,0.234,-3.461,3.492
2020-12-09 22:55:07.5340,-0.613,0.263,-3.483,3.546
2020-12-09 22:55:07.5440,-0.675,0.131,-3.135,3.21
2020-12-09 22:55:07.5550,-0.608,-0.132,-2.593,2.667
2020-12-09 22:55:07.5640,-0.499,-0.289,-2.027,2.107
2020-12-09 22:55:07.5740,-0.314,-0.355,-1.503,1.576
2020-12-09 22:55:07.5840,0.011,-0.395,-1.076,1.146
2020-12-09 22:55:07.5940,0.387,-0.432,-0.658,0.877
2020-12-09 22:55:07.6310,1.264,-0.7,-0.051,1.446
2020-12-09 22:55:07.6320,1.264,-0.7,-0.051,1.446
2020-12-09 22:55:07.6320,1.264,-0.7,-0.051,1.446
2020-12-09 22:55:07.6330,1.406,-0.849,-0.06,1.644
2020-12-09 22:55:07.6440,1.414,-0.96,-0.065,1.71
2020-12-09 22:55:07.6530,1.282,-0.947,-0.009,1.594
2020-12-09 22:55:07.6630,1.062,-0.839,0.064,1.355
2020-12-09 22:55:07.6750,0.882,-0.74,0.099,1.156
2020-12-09 22:55:07.6840,0.757,-0.64,0.046,0.992
2020-12-09 22:55:07.6940,0.704,-0.523,-0.127,0.886
2020-12-09 22:55:07.7270,0.696,0.044,-1.332,1.504
2020-12-09 22:55:07.7280,0.696,0.044,-1.332,1.504
2020-12-09 22:55:07.7280,0.696,0.044,-1.332,1.504
2020-12-09 22:55:07.7330,0.675,0.239,-1.684,1.83
2020-12-09 22:55:07.7440,0.736,0.092,-1.843,1.987
2020-12-09 22:55:07.7540,0.674,-0.166,-1.869,1.994
2020-12-09 22:55:07.7640,0.435,-0.145,-1.586,1.651
2020-12-09 22:55:07.7750,0.206,-0.177,-1.249,1.278
2020-12-09 22:55:07.7840,0.08,-0.369,-0.925,0.999
2020-12-09 22:55:07.7950,-0.196,-0.2,-0.557,0.623
2020-12-09 22:55:07.8310,-0.473,0.6,-1.487,1.672
2020-12-09 22:55:07.8310,-0.473,0.6,-1.487,1.672
2020-12-09 22:55:07.8310,-0.473,0.6,-1.487,1.672
2020-12-09 22:55:07.8340,-0.181,0.521,-1.946,2.023
2020-12-09 22:55:07.8440,0.029,0.383,-2.094,2.129
2020-12-09 22:55:07.8550,0.07,0.294,-1.956,1.979
2020-12-09 22:55:07.8640,0.039,0.192,-1.65,1.662
2020-12-09 22:55:07.8750,-0.002,0.115,-1.261,1.266
2020-12-09 22:55:07.8850,-0.097,0.07,-0.85,0.858
2020-12-09 22:55:07.8950,-0.239,0.008,-0.504,0.558
2020-12-09 22:55:07.9290,-0.606,-0.037,-0.307,0.68
2020-12-09 22:55:07.9300,-0.606,-0.037,-0.307,0.68
2020-12-09 22:55:07.9300,-0.606,-0.037,-0.307,0.68
2020-12-09 22:55:07.9340,-0.756,0.063,-0.427,0.871
2020-12-09 22:55:07.9440,-0.719,0.123,-0.5,0.884
2020-12-09 22:55:07.9540,-0.519,0.122,-0.519,0.744
2020-12-09 22:55:07.9640,-0.35,0.153,-0.602,0.713
2020-12-09 22:55:07.9750,-0.31,0.212,-0.801,0.885
2020-12-09 22:55:07.9850,-0.379,0.303,-1.065,1.17
2020-12-09 22:55:07.9950,-0.504,0.367,-1.287,1.43
2020-12-09 22:55:08.0340,-1.075,0.262,-1.207,1.637
2020-12-09 22:55:08.0340,-1.075,0.262,-1.207,1.637
2020-12-09 22:55:08.0340,-1.075,0.262,-1.207,1.637
2020-12-09 22:55:08.0350,-1.075,0.262,-1.207,1.637
2020-12-09 22:55:08.0450,-0.861,0.014,-0.875,1.228
2020-12-09 22:55:08.0540,-0.469,-0.245,-0.444,0.691
2020-12-09 22:55:08.0640,0.01,-0.308,-0.044,0.311
2020-12-09 22:55:08.0760,0.505,-0.535,0.055,0.738
2020-12-09 22:55:08.0850,0.775,-0.672,-0.283,1.064
2020-12-09 22:55:08.0950,0.695,-0.365,-0.917,1.207
2020-12-09 22:55:08.1320,-0.07,0.125,-2.765,2.769
2020-12-09 22:55:08.1320,-0.07,0.125,-2.765,2.769
2020-12-09 22:55:08.1320,-0.07,0.125,-2.765,2.769
2020-12-09 22:55:08.1350,-0.169,0.007,-2.781,2.786
2020-12-09 22:55:08.1470,-0.145,-0.172,-2.538,2.548
2020-12-09 22:55:08.1560,-0.087,-0.286,-2.134,2.155
2020-12-09 22:55:08.1650,-0.026,-0.318,-1.664,1.694
2020-12-09 22:55:08.1760,0.059,-0.296,-1.235,1.271
2020-12-09 22:55:08.1850,0.203,-0.292,-0.861,0.932
2020-12-09 22:55:08.1950,0.386,-0.338,-0.573,0.769
2020-12-09 22:55:08.2330,1.029,-0.547,-0.07,1.167
2020-12-09 22:55:08.2330,1.029,-0.547,-0.07,1.167
2020-12-09 22:55:08.2330,1.029,-0.547,-0.07,1.167
2020-12-09 22:55:08.2350,1.184,-0.651,0.022,1.351
2020-12-09 22:55:08.2450,1.232,-0.704,0.121,1.424
2020-12-09 22:55:08.2550,1.173,-0.67,0.197,1.365
2020-12-09 22:55:08.2650,1.085,-0.605,0.213,1.26
2020-12-09 22:55:08.2760,0.993,-0.543,0.14,1.14
2020-12-09 22:55:08.2860,0.909,-0.433,-0.055,1.008
2020-12-09 22:55:08.2960,0.884,-0.271,-0.377,0.999
2020-12-09 22:55:08.3330,1.123,0.08,-1.58,1.94
2020-12-09 22:55:08.3330,1.123,0.08,-1.58,1.94
2020-12-09 22:55:08.3330,1.123,0.08,-1.58,1.94
2020-12-09 22:55:08.3350,1.055,0.255,-1.917,2.203
2020-12-09 22:55:08.3460,0.972,0.278,-2.109,2.339
2020-12-09 22:55:08.3560,0.879,-0.064,-2.119,2.295
2020-12-09 22:55:08.3660,0.545,-0.092,-2.083,2.155
2020-12-09 22:55:08.3750,0.177,-0.025,-1.894,1.902
2020-12-09 22:55:08.3860,-0.115,-0.119,-1.608,1.616
2020-12-09 22:55:08.3960,-0.508,0.171,-1.112,1.234
2020-12-09 22:55:08.4310,-0.76,0.598,-1.797,2.041
2020-12-09 22:55:08.4310,-0.76,0.598,-1.797,2.041
2020-12-09 22:55:08.4310,-0.76,0.598,-1.797,2.041
2020-12-09 22:55:08.4350,-0.472,0.475,-2.292,2.388
2020-12-09 22:55:08.4470,-0.318,0.3,-2.448,2.487
2020-12-09 22:55:08.4570,-0.385,0.2,-2.292,2.333
2020-12-09 22:55:08.4650,-0.45,0.084,-1.859,1.915
2020-12-09 22:55:08.4770,-0.396,-0.022,-1.269,1.33
2020-12-09 22:55:08.4860,-0.296,-0.109,-0.68,0.75
2020-12-09 22:55:08.4960,-0.296,-0.197,-0.315,0.475
2020-12-09 22:55:08.5320,-0.717,-0.191,-0.218,0.773
2020-12-09 22:55:08.5320,-0.717,-0.191,-0.218,0.773
2020-12-09 22:55:08.5320,-0.717,-0.191,-0.218,0.773
2020-12-09 22:55:08.5350,-0.74,-0.068,-0.286,0.796
2020-12-09 22:55:08.5460,-0.544,0.016,-0.334,0.639
2020-12-09 22:55:08.5560,-0.261,0.078,-0.367,0.457
2020-12-09 22:55:08.5660,-0.079,0.192,-0.447,0.493
2020-12-09 22:55:08.5760,-0.062,0.389,-0.584,0.704
2020-12-09 22:55:08.5870,-0.176,0.585,-0.743,0.962
2020-12-09 22:55:08.5970,-0.367,0.714,-0.909,1.213
2020-12-09 22:55:08.6320,-1.087,0.729,-0.772,1.52
2020-12-09 22:55:08.6320,-1.087,0.729,-0.772,1.52
2020-12-09 22:55:08.6320,-1.087,0.729,-0.772,1.52
2020-12-09 22:55:08.6360,-1.158,0.54,-0.661,1.439
2020-12-09 22:55:08.6460,-1.043,0.287,-0.442,1.169
2020-12-09 22:55:08.6560,-0.766,-0.043,-0.093,0.773
2020-12-09 22:55:08.6660,-0.367,-0.492,0.347,0.705
2020-12-09 22:55:08.6770,0.009,-0.664,0.532,0.851
2020-12-09 22:55:08.6870,0.266,-0.713,0.16,0.778
2020-12-09 22:55:08.6970,0.365,-0.793,-0.656,1.092
2020-12-09 22:55:08.7350,-0.268,-0.132,-3.648,3.66
2020-12-09 22:55:08.7360,-0.268,-0.132,-3.648,3.66
2020-12-09 22:55:08.7360,-0.268,-0.132,-3.648,3.66
2020-12-09 22:55:08.7370,-0.585,-0.007,-3.99,4.033
2020-12-09 22:55:08.7480,-0.746,-0.054,-3.795,3.868
2020-12-09 22:55:08.7580,-0.725,-0.248,-3.103,3.196
2020-12-09 22:55:08.7670,-0.438,-0.446,-2.256,2.341
2020-12-09 22:55:08.7760,-0.04,-0.532,-1.498,1.59
2020-12-09 22:55:08.7880,0.365,-0.564,-0.945,1.159
2020-12-09 22:55:08.7970,0.708,-0.54,-0.571,1.058
2020-12-09 22:55:08.8340,1.285,-0.46,0.104,1.369
2020-12-09 22:55:08.8340,1.285,-0.46,0.104,1.369
2020-12-09 22:55:08.8340,1.285,-0.46,0.104,1.369
2020-12-09 22:55:08.8360,1.339,-0.46,0.231,1.435
2020-12-09 22:55:08.8460,1.366,-0.496,0.336,1.492
2020-12-09 22:55:08.8570,1.348,-0.584,0.412,1.526
2020-12-09 22:55:08.8660,1.266,-0.662,0.484,1.508
2020-12-09 22:55:08.8770,1.158,-0.699,0.549,1.46
2020-12-09 22:55:08.8880,1.061,-0.684,0.588,1.393
2020-12-09 22:55:08.8970,0.988,-0.655,0.518,1.294
2020-12-09 22:55:08.9320,0.686,-0.149,-0.719,1.005
2020-12-09 22:55:08.9320,0.686,-0.149,-0.719,1.005
2020-12-09 22:55:08.9320,0.686,-0.149,-0.719,1.005
2020-12-09 22:55:08.9360,0.699,0.009,-1.233,1.417
2020-12-09 22:55:08.9470,0.717,0.179,-1.721,1.873
2020-12-09 22:55:08.9570,0.781,0.142,-2.092,2.238
2020-12-09 22:55:08.9670,0.807,-0.143,-2.245,2.39
2020-12-09 22:55:08.9790,0.626,-0.346,-2.247,2.358
2020-12-09 22:55:08.9890,0.277,-0.474,-2.341,2.405
2020-12-09 22:55:08.9990,-0.225,-0.427,-2.289,2.339
2020-12-09 22:55:09.0300,-0.947,0.435,-1.405,1.749
2020-12-09 22:55:09.0300,-0.947,0.435,-1.405,1.749
2020-12-09 22:55:09.0300,-0.947,0.435,-1.405,1.749
2020-12-09 22:55:09.0370,-0.431,0.38,-1.745,1.837
2020-12-09 22:55:09.0470,0.036,0.204,-2.039,2.049
2020-12-09 22:55:09.0570,0.221,0.01,-2.113,2.125
2020-12-09 22:55:09.0680,0.186,-0.169,-1.981,1.997
2020-12-09 22:55:09.0780,0.031,-0.285,-1.621,1.646
2020-12-09 22:55:09.0880,-0.115,-0.36,-1.087,1.151
2020-12-09 22:55:09.0980,-0.239,-0.429,-0.596,0.772
2020-12-09 22:55:09.1360,-0.966,-0.388,0.115,1.047
2020-12-09 22:55:09.1360,-0.966,-0.388,0.115,1.047
2020-12-09 22:55:09.1360,-0.966,-0.388,0.115,1.047
2020-12-09 22:55:09.1370,-1.117,-0.234,0.061,1.143
2020-12-09 22:55:09.1470,-1.057,-0.046,-0.002,1.058
2020-12-09 22:55:09.1570,-0.809,0.124,-0.043,0.82
2020-12-09 22:55:09.1670,-0.512,0.289,-0.139,0.604
2020-12-09 22:55:09.1780,-0.251,0.463,-0.262,0.588
2020-12-09 22:55:09.1890,-0.025,0.637,-0.417,0.762
2020-12-09 22:55:09.1980,0.132,0.757,-0.613,0.983
2020-12-09 22:55:09.2350,-0.256,0.875,-0.821,1.227
2020-12-09 22:55:09.2350,-0.256,0.875,-0.821,1.227
2020-12-09 22:55:09.2350,-0.256,0.875,-0.821,1.227
2020-12-09 22:55:09.2370,-0.593,0.857,-0.72,1.267
2020-12-09 22:55:09.2470,-0.845,0.763,-0.599,1.286
2020-12-09 22:55:09.2570,-0.935,0.58,-0.498,1.208
2020-12-09 22:55:09.2670,-0.918,0.349,-0.474,1.091
2020-12-09 22:55:09.2780,-0.739,-0.001,-0.381,0.831
2020-12-09 22:55:09.2890,-0.295,-0.44,-0.153,0.551
2020-12-09 22:55:09.2980,0.208,-0.696,-0.158,0.743
2020-12-09 22:55:09.3340,0.17,-0.44,-2.286,2.334
2020-12-09 22:55:09.3340,0.17,-0.44,-2.286,2.334
2020-12-09 22:55:09.3340,0.17,-0.44,-2.286,2.334
2020-12-09 22:55:09.3370,-0.151,-0.224,-3.121,3.133
2020-12-09 22:55:09.3480,-0.476,-0.054,-3.631,3.662
2020-12-09 22:55:09.3580,-0.626,-0.017,-3.75,3.802
2020-12-09 22:55:09.3680,-0.546,-0.217,-3.442,3.492
2020-12-09 22:55:09.3800,-0.33,-0.404,-2.841,2.888
2020-12-09 22:55:09.3890,-0.051,-0.469,-2.132,2.184
2020-12-09 22:55:09.3980,0.216,-0.469,-1.556,1.639
2020-12-09 22:55:09.4350,0.669,-0.323,-0.591,0.949
2020-12-09 22:55:09.4350,0.669,-0.323,-0.591,0.949
2020-12-09 22:55:09.4350,0.669,-0.323,-0.591,0.949
2020-12-09 22:55:09.4380,0.755,-0.289,-0.409,0.906
2020-12-09 22:55:09.4480,0.836,-0.281,-0.269,0.922
2020-12-09 22:55:09.4580,0.886,-0.289,-0.129,0.941
2020-12-09 22:55:09.4680,0.922,-0.378,0.028,0.997
2020-12-09 22:55:09.4780,0.956,-0.55,0.233,1.127
2020-12-09 22:55:09.4890,0.981,-0.732,0.492,1.319
2020-12-09 22:55:09.4990,0.949,-0.879,0.703,1.472
2020-12-09 22:55:09.5330,0.499,-0.801,0.221,0.969
2020-12-09 22:55:09.5340,0.499,-0.801,0.221,0.969
2020-12-09 22:55:09.5340,0.499,-0.801,0.221,0.969
2020-12-09 22:55:09.5380,0.417,-0.679,-0.147,0.81
2020-12-09 22:55:09.5480,0.357,-0.513,-0.614,0.876
2020-12-09 22:55:09.5580,0.374,-0.347,-1.134,1.243
2020-12-09 22:55:09.5680,0.445,-0.244,-1.552,1.633
2020-12-09 22:55:09.5790,0.503,-0.133,-1.958,2.026
2020-12-09 22:55:09.5890,0.485,-0.082,-2.257,2.31
2020-12-09 22:55:09.6000,0.265,0.021,-2.306,2.321
2020-12-09 22:55:09.6360,-0.166,-0.78,-1.321,1.543
2020-12-09 22:55:09.6360,-0.166,-0.78,-1.321,1.543
2020-12-09 22:55:09.6360,-0.166,-0.78,-1.321,1.543
2020-12-09 22:55:09.6380,-0.261,-0.965,-1.141,1.517
2020-12-09 22:55:09.6480,-0.441,-0.745,-1.112,1.409
2020-12-09 22:55:09.6580,-0.599,-0.264,-1.099,1.279
2020-12-09 22:55:09.6680,-0.618,0.153,-1.372,1.513
2020-12-09 22:55:09.6790,-0.516,0.469,-1.737,1.872
2020-12-09 22:55:09.6890,-0.301,0.549,-2.005,2.1
2020-12-09 22:55:09.6990,-0.084,0.395,-2.173,2.21
2020-12-09 22:55:09.7370,-0.292,0.045,-1.482,1.511
2020-12-09 22:55:09.7380,-0.292,0.045,-1.482,1.511
2020-12-09 22:55:09.7380,-0.292,0.045,-1.482,1.511
2020-12-09 22:55:09.7390,-0.459,0.082,-1.014,1.116
2020-12-09 22:55:09.7490,-0.617,0.102,-0.63,0.888
2020-12-09 22:55:09.7590,-0.779,0.097,-0.407,0.884
2020-12-09 22:55:09.7690,-0.922,0.114,-0.291,0.974
2020-12-09 22:55:09.7800,-0.925,0.097,-0.226,0.957
2020-12-09 22:55:09.7890,-0.813,0.097,-0.172,0.837
2020-12-09 22:55:09.8000,-0.681,0.151,-0.097,0.704
2020-12-09 22:55:09.8380,-0.513,0.716,-0.473,1.0
2020-12-09 22:55:09.8390,-0.513,0.716,-0.473,1.0
2020-12-09 22:55:09.8390,-0.513,0.716,-0.473,1.0
2020-12-09 22:55:09.8400,-0.513,0.716,-0.473,1.0
2020-12-09 22:55:09.8490,-0.545,0.8,-0.706,1.198
2020-12-09 22:55:09.8590,-0.546,0.77,-0.875,1.287
2020-12-09 22:55:09.8690,-0.544,0.662,-0.969,1.293
2020-12-09 22:55:09.8800,-0.572,0.556,-0.934,1.228
2020-12-09 22:55:09.8900,-0.576,0.456,-0.812,1.095
2020-12-09 22:55:09.9000,-0.477,0.294,-0.637,0.848
2020-12-09 22:55:09.9390,0.657,-0.802,-0.103,1.042
2020-12-09 22:55:09.9390,0.657,-0.802,-0.103,1.042
2020-12-09 22:55:09.9390,0.657,-0.802,-0.103,1.042
2020-12-09 22:55:09.9400,0.657,-0.802,-0.103,1.042
2020-12-09 22:55:09.9490,0.701,-0.964,-0.711,1.388
2020-12-09 22:55:09.9590,0.355,-0.691,-1.651,1.825
2020-12-09 22:55:09.9690,-0.209,-0.337,-2.647,2.677
2020-12-09 22:55:09.9810,-0.704,-0.061,-3.42,3.492
2020-12-09 22:55:09.9910,-0.894,-0.006,-3.904,4.005
2020-12-09 22:55:10.0010,-0.836,-0.025,-3.864,3.953
2020-12-09 22:55:10.0330,0.053,-0.685,-1.95,2.067
2020-12-09 22:55:10.0330,0.053,-0.685,-1.95,2.067
2020-12-09 22:55:10.0330,0.053,-0.685,-1.95,2.067
2020-12-09 22:55:10.0390,0.265,-0.708,-1.482,1.664
2020-12-09 22:55:10.0500,0.408,-0.704,-1.093,1.363
2020-12-09 22:55:10.0590,0.516,-0.647,-0.715,1.094
2020-12-09 22:55:10.0700,0.613,-0.55,-0.352,0.896
2020-12-09 22:55:10.0810,0.698,-0.458,-0.007,0.835
2020-12-09 22:55:10.0900,0.78,-0.419,0.288,0.931
2020-12-09 22:55:10.1010,0.826,-0.432,0.505,1.06
2020-12-09 22:55:10.1380,0.738,-0.579,0.912,1.308
2020-12-09 22:55:10.1380,0.738,-0.579,0.912,1.308
2020-12-09 22:55:10.1390,0.738,-0.579,0.912,1.308
2020-12-09 22:55:10.1400,0.616,-0.637,0.961,1.307
2020-12-09 22:55:10.1500,0.497,-0.656,0.904,1.223
2020-12-09 22:55:10.1590,0.379,-0.622,0.688,1.002
2020-12-09 22:55:10.1700,0.265,-0.559,0.341,0.706
2020-12-09 22:55:10.1810,0.172,-0.48,-0.154,0.533
2020-12-09 22:55:10.1910,0.128,-0.431,-0.63,0.774
2020-12-09 22:55:10.2000,0.124,-0.363,-1.079,1.145
2020-12-09 22:55:10.2380,0.311,-0.765,-2.169,2.321
2020-12-09 22:55:10.2390,0.311,-0.765,-2.169,2.321
2020-12-09 22:55:10.2390,0.311,-0.765,-2.169,2.321
2020-12-09 22:55:10.2400,0.488,-1.308,-2.272,2.667
2020-12-09 22:55:10.2520,0.395,-1.488,-2.496,2.933
2020-12-09 22:55:10.2610,0.045,-1.286,-2.797,3.079
2020-12-09 22:55:10.2720,-0.472,-0.588,-2.953,3.048
2020-12-09 22:55:10.2820,-0.81,0.0,-2.976,3.084
2020-12-09 22:55:10.2920,-0.83,0.365,-2.7,2.848
2020-12-09 22:55:10.3020,-0.582,0.498,-2.449,2.566
2020-12-09 22:55:10.3340,-0.021,-0.225,-1.514,1.531
2020-12-09 22:55:10.3340,-0.021,-0.225,-1.514,1.531
2020-12-09 22:55:10.3340,-0.021,-0.225,-1.514,1.531
2020-12-09 22:55:10.3400,-0.067,-0.338,-0.836,0.904
2020-12-09 22:55:10.3500,-0.141,-0.384,-0.097,0.42
2020-12-09 22:55:10.3600,-0.342,-0.368,0.464,0.684
2020-12-09 22:55:10.3700,-0.656,-0.303,0.754,1.044
2020-12-09 22:55:10.3810,-0.908,-0.269,0.808,1.245
2020-12-09 22:55:10.3910,-1.03,-0.204,0.638,1.229
2020-12-09 22:55:10.4010,-1.027,-0.125,0.354,1.093
2020-12-09 22:55:10.4390,-0.24,0.207,0.02,0.318
2020-12-09 22:55:10.4390,-0.24,0.207,0.02,0.318
2020-12-09 22:55:10.4390,-0.24,0.207,0.02,0.318
2020-12-09 22:55:10.4400,0.155,0.285,0.007,0.324
2020-12-09 22:55:10.4510,0.388,0.364,-0.13,0.548
2020-12-09 22:55:10.4600,0.408,0.469,-0.383,0.73
2020-12-09 22:55:10.4700,0.269,0.561,-0.715,0.948
2020-12-09 22:55:10.4820,0.015,0.625,-1.041,1.214
2020-12-09 22:55:10.4920,-0.29,0.693,-1.285,1.488
2020-12-09 22:55:10.5010,-0.543,0.681,-1.419,1.665
2020-12-09 22:55:10.5370,-1.039,0.253,-0.818,1.346
2020-12-09 22:55:10.5370,-1.039,0.253,-0.818,1.346
2020-12-09 22:55:10.5370,-1.039,0.253,-0.818,1.346
2020-12-09 22:55:10.5410,-0.969,0.056,-0.337,1.027
2020-12-09 22:55:10.5510,-0.745,-0.144,0.135,0.771
2020-12-09 22:55:10.5610,-0.4,-0.375,0.476,0.726
2020-12-09 22:55:10.5710,0.124,-0.673,0.667,0.956
2020-12-09 22:55:10.5820,0.554,-0.757,0.397,1.019
2020-12-09 22:55:10.5920,0.749,-0.816,-0.255,1.137
2020-12-09 22:55:10.6020,0.616,-0.759,-1.246,1.584
2020-12-09 22:55:10.6400,-0.549,0.076,-3.825,3.865
2020-12-09 22:55:10.6400,-0.549,0.076,-3.825,3.865
2020-12-09 22:55:10.6400,-0.549,0.076,-3.825,3.865
2020-12-09 22:55:10.6410,-0.642,0.002,-3.959,4.011
2020-12-09 22:55:10.6530,-0.569,-0.243,-3.647,3.699
2020-12-09 22:55:10.6620,-0.406,-0.423,-2.951,3.009
2020-12-09 22:55:10.6720,-0.161,-0.557,-2.082,2.161
2020-12-09 22:55:10.6810,0.127,-0.647,-1.328,1.483
2020-12-09 22:55:10.6920,0.396,-0.681,-0.799,1.122
2020-12-09 22:55:10.7020,0.597,-0.653,-0.495,1.014
2020-12-09 22:55:10.7350,0.861,-0.411,-0.29,0.997
2020-12-09 22:55:10.7350,0.861,-0.411,-0.29,0.997
2020-12-09 22:55:10.7350,0.861,-0.411,-0.29,0.997
2020-12-09 22:55:10.7410,0.832,-0.323,-0.236,0.923
2020-12-09 22:55:10.7510,0.798,-0.249,-0.125,0.845
2020-12-09 22:55:10.7610,0.774,-0.217,0.024,0.804
2020-12-09 22:55:10.7710,0.752,-0.228,0.208,0.813
2020-12-09 22:55:10.7820,0.739,-0.274,0.39,0.879
2020-12-09 22:55:10.7920,0.735,-0.362,0.515,0.968
2020-12-09 22:55:10.8020,0.713,-0.465,0.55,1.013
2020-12-09 22:55:10.8340,0.544,-0.532,-0.368,0.845
2020-12-09 22:55:10.8350,0.544,-0.532,-0.368,0.845
2020-12-09 22:55:10.8350,0.544,-0.532,-0.368,0.845
2020-12-09 22:55:10.8410,0.469,-0.441,-1.07,1.249
2020-12-09 22:55:10.8520,0.373,-0.329,-1.717,1.788
2020-12-09 22:55:10.8620,0.336,-0.32,-2.196,2.244
2020-12-09 22:55:10.8720,0.388,-0.603,-2.419,2.523
2020-12-09 22:55:10.8840,0.416,-0.971,-2.374,2.598
2020-12-09 22:55:10.8940,0.35,-1.228,-2.294,2.625
2020-12-09 22:55:10.9030,0.099,-1.263,-2.462,2.769
2020-12-09 22:55:10.9370,-1.236,0.193,-2.644,2.925
2020-12-09 22:55:10.9370,-1.236,0.193,-2.644,2.925
2020-12-09 22:55:10.9370,-1.236,0.193,-2.644,2.925
2020-12-09 22:55:10.9420,-1.086,0.423,-2.543,2.797
2020-12-09 22:55:10.9530,-0.694,0.444,-2.385,2.523
2020-12-09 22:55:10.9630,-0.29,0.288,-2.103,2.142
2020-12-09 22:55:10.9720,0.0,0.029,-1.733,1.733
2020-12-09 22:55:10.9820,0.15,-0.222,-1.359,1.385
2020-12-09 22:55:10.9930,0.176,-0.364,-0.884,0.972
2020-12-09 22:55:11.0030,0.151,-0.369,-0.384,0.554
2020-12-09 22:55:11.0350,-0.33,-0.118,0.127,0.373
2020-12-09 22:55:11.0360,-0.33,-0.118,0.127,0.373
2020-12-09 22:55:11.0360,-0.33,-0.118,0.127,0.373
2020-12-09 22:55:11.0420,-0.46,-0.011,0.047,0.463
2020-12-09 22:55:11.0520,-0.508,0.09,-0.059,0.519
2020-12-09 22:55:11.0620,-0.507,0.144,-0.159,0.551
2020-12-09 22:55:11.0720,-0.453,0.177,-0.163,0.513
2020-12-09 22:55:11.0830,-0.293,0.117,-0.093,0.329
2020-12-09 22:55:11.0930,-0.107,0.044,0.034,0.121
2020-12-09 22:55:11.1030,0.056,-0.012,0.135,0.147
2020-12-09 22:55:11.1390,-0.204,0.286,-0.599,0.694
2020-12-09 22:55:11.1390,-0.204,0.286,-0.599,0.694
2020-12-09 22:55:11.1390,-0.204,0.286,-0.599,0.694
2020-12-09 22:55:11.1420,-0.517,0.513,-0.999,1.236
2020-12-09 22:55:11.1530,-0.818,0.683,-1.269,1.657
2020-12-09 22:55:11.1620,-1.04,0.776,-1.288,1.828
2020-12-09 22:55:11.1720,-1.144,0.744,-1.158,1.79
2020-12-09 22:55:11.1830,-1.125,0.605,-0.94,1.586
2020-12-09 22:55:11.1930,-1.018,0.451,-0.67,1.299
2020-12-09 22:55:11.2030,-0.865,0.252,-0.471,1.017
2020-12-09 22:55:11.2390,0.058,-0.682,0.112,0.694
2020-12-09 22:55:11.2390,0.058,-0.682,0.112,0.694
2020-12-09 22:55:11.2390,0.058,-0.682,0.112,0.694
2020-12-09 22:55:11.2420,0.358,-0.901,0.317,1.02
2020-12-09 22:55:11.2530,0.565,-1.041,-0.043,1.185
2020-12-09 22:55:11.2620,0.468,-1.24,-0.852,1.576
2020-12-09 22:55:11.2730,0.016,-0.914,-1.94,2.145
2020-12-09 22:55:11.2840,-0.611,-0.398,-2.84,2.932
2020-12-09 22:55:11.2950,-1.096,-0.118,-3.321,3.499
2020-12-09 22:55:11.3050,-1.265,0.085,-3.488,3.711
2020-12-09 22:55:11.3370,-0.262,-0.279,-2.327,2.358
2020-12-09 22:55:11.3370,-0.262,-0.279,-2.327,2.358
2020-12-09 22:55:11.3380,-0.262,-0.279,-2.327,2.358
2020-12-09 22:55:11.3430,0.213,-0.37,-1.735,1.787
2020-12-09 22:55:11.3530,0.588,-0.41,-1.28,1.467
2020-12-09 22:55:11.3630,0.849,-0.423,-0.93,1.328
2020-12-09 22:55:11.3730,0.989,-0.415,-0.678,1.269
2020-12-09 22:55:11.3840,1.037,-0.371,-0.503,1.211
2020-12-09 22:55:11.3940,1.031,-0.317,-0.358,1.136
2020-12-09 22:55:11.4040,0.983,-0.259,-0.259,1.049
2020-12-09 22:55:11.4420,0.889,-0.281,0.085,0.936
2020-12-09 22:55:11.4420,0.889,-0.281,0.085,0.936
2020-12-09 22:55:11.4420,0.889,-0.281,0.085,0.936
2020-12-09 22:55:11.4430,0.915,-0.376,0.293,1.032
2020-12-09 22:55:11.4530,0.92,-0.464,0.498,1.144
2020-12-09 22:55:11.4630,0.857,-0.511,0.605,1.167
2020-12-09 22:55:11.4730,0.752,-0.56,0.521,1.073
2020-12-09 22:55:11.4830,0.629,-0.593,0.359,0.936
2020-12-09 22:55:11.4950,0.477,-0.565,0.132,0.751
2020-12-09 22:55:11.5040,0.302,-0.512,-0.208,0.63
2020-12-09 22:55:11.5390,-0.025,-0.227,-1.434,1.452
2020-12-09 22:55:11.5390,-0.025,-0.227,-1.434,1.452
2020-12-09 22:55:11.5390,-0.025,-0.227,-1.434,1.452
2020-12-09 22:55:11.5430,-0.012,-0.2,-1.733,1.745
2020-12-09 22:55:11.5530,0.161,-0.477,-1.847,1.914
2020-12-09 22:55:11.5630,0.384,-0.958,-1.815,2.088
2020-12-09 22:55:11.5730,0.433,-1.306,-1.835,2.294
2020-12-09 22:55:11.5840,0.235,-1.354,-2.18,2.577
2020-12-09 22:55:11.5950,-0.246,-0.834,-2.421,2.572
2020-12-09 22:55:11.6060,-0.593,-0.272,-2.562,2.644
2020-12-09 22:55:11.6380,-0.856,0.547,-2.576,2.769
2020-12-09 22:55:11.6380,-0.856,0.547,-2.576,2.769
2020-12-09 22:55:11.6380,-0.856,0.547,-2.576,2.769
2020-12-09 22:55:11.6440,-0.606,0.387,-2.446,2.549
2020-12-09 22:55:11.6550,-0.348,0.124,-2.227,2.257
2020-12-09 22:55:11.6630,-0.147,-0.073,-1.848,1.855
2020-12-09 22:55:11.6740,-0.033,-0.167,-1.378,1.388
2020-12-09 22:55:11.6840,0.005,-0.2,-0.917,0.939
2020-12-09 22:55:11.6950,-0.029,-0.211,-0.548,0.588
2020-12-09 22:55:11.7050,-0.16,-0.242,-0.274,0.399
2020-12-09 22:55:11.7400,-0.938,-0.06,-0.031,0.94
2020-12-09 22:55:11.7400,-0.938,-0.06,-0.031,0.94
2020-12-09 22:55:11.7400,-0.938,-0.06,-0.031,0.94
2020-12-09 22:55:11.7440,-1.049,-0.004,0.07,1.051
2020-12-09 22:55:11.7540,-1.003,0.08,0.195,1.025
2020-12-09 22:55:11.7640,-0.778,0.164,0.348,0.868
2020-12-09 22:55:11.7740,-0.477,0.23,0.396,0.661
2020-12-09 22:55:11.7850,-0.232,0.292,0.261,0.455
2020-12-09 22:55:11.7950,-0.136,0.388,-0.044,0.413
2020-12-09 22:55:11.8050,-0.156,0.463,-0.433,0.653
2020-12-09 22:55:11.8410,-0.598,0.497,-0.907,1.195
2020-12-09 22:55:11.8410,-0.598,0.497,-0.907,1.195
2020-12-09 22:55:11.8420,-0.598,0.497,-0.907,1.195
2020-12-09 22:55:11.8440,-0.719,0.377,-0.825,1.157
2020-12-09 22:55:11.8540,-0.754,0.238,-0.675,1.04
2020-12-09 22:55:11.8640,-0.723,0.101,-0.514,0.893
2020-12-09 22:55:11.8740,-0.621,-0.077,-0.365,0.724
2020-12-09 22:55:11.8850,-0.371,-0.388,-0.169,0.563
2020-12-09 22:55:11.8950,0.052,-0.791,-0.015,0.793
2020-12-09 22:55:11.9050,0.464,-0.962,-0.088,1.072
2020-12-09 22:55:11.9390,-0.086,-0.949,-2.168,2.368
2020-12-09 22:55:11.9390,-0.086,-0.949,-2.168,2.368
2020-12-09 22:55:11.9390,-0.086,-0.949,-2.168,2.368
2020-12-09 22:55:11.9440,-0.71,-0.695,-2.81,2.98
2020-12-09 22:55:11.9560,-1.128,-0.444,-2.968,3.206
2020-12-09 22:55:11.9650,-1.244,-0.348,-2.813,3.095
2020-12-09 22:55:11.9760,-1.08,-0.459,-2.484,2.747
2020-12-09 22:55:11.9860,-0.805,-0.545,-2.143,2.353
2020-12-09 22:55:11.9940,-0.507,-0.531,-1.832,1.974
2020-12-09 22:55:12.0060,-0.191,-0.51,-1.515,1.61
2020-12-09 22:55:12.0370,0.583,-0.453,-0.645,0.98
2020-12-09 22:55:12.0380,0.583,-0.453,-0.645,0.98
2020-12-09 22:55:12.0380,0.583,-0.453,-0.645,0.98
2020-12-09 22:55:12.0450,0.711,-0.434,-0.462,0.953
2020-12-09 22:55:12.0550,0.762,-0.425,-0.321,0.93
2020-12-09 22:55:12.0640,0.763,-0.418,-0.217,0.897
2020-12-09 22:55:12.0740,0.752,-0.401,-0.152,0.866
2020-12-09 22:55:12.0860,0.743,-0.41,-0.156,0.863
2020-12-09 22:55:12.0960,0.689,-0.392,-0.195,0.816
2020-12-09 22:55:12.1070,0.633,-0.405,-0.238,0.788
2020-12-09 22:55:12.1440,0.612,-0.663,0.001,0.902
2020-12-09 22:55:12.1450,0.612,-0.663,0.001,0.902
2020-12-09 22:55:12.1450,0.612,-0.663,0.001,0.902
2020-12-09 22:55:12.1460,0.612,-0.663,0.001,0.902
2020-12-09 22:55:12.1550,0.609,-0.677,-0.036,0.911
2020-12-09 22:55:12.1650,0.56,-0.637,-0.259,0.887
2020-12-09 22:55:12.1750,0.464,-0.579,-0.644,0.982
2020-12-09 22:55:12.1860,0.31,-0.492,-1.041,1.192
2020-12-09 22:55:12.1960,0.152,-0.413,-1.389,1.457
2020-12-09 22:55:12.2060,0.034,-0.34,-1.745,1.778
2020-12-09 22:55:12.2450,0.018,-1.463,-1.899,2.397
2020-12-09 22:55:12.2460,0.018,-1.463,-1.899,2.397
2020-12-09 22:55:12.2460,0.018,-1.463,-1.899,2.397
2020-12-09 22:55:12.2460,0.018,-1.463,-1.899,2.397
2020-12-09 22:55:12.2550,-0.164,-1.518,-1.917,2.451
2020-12-09 22:55:12.2650,-0.556,-1.153,-1.975,2.354
2020-12-09 22:55:12.2770,-0.95,-0.559,-2.134,2.402
2020-12-09 22:55:12.2870,-1.143,0.014,-2.291,2.56
2020-12-09 22:55:12.2970,-0.99,0.359,-2.446,2.663
2020-12-09 22:55:12.3070,-0.646,0.402,-2.444,2.56
2020-12-09 22:55:12.3390,0.109,-0.338,-1.189,1.241
2020-12-09 22:55:12.3390,0.109,-0.338,-1.189,1.241
2020-12-09 22:55:12.3390,0.109,-0.338,-1.189,1.241
2020-12-09 22:55:12.3450,0.12,-0.423,-0.586,0.733
2020-12-09 22:55:12.3550,0.092,-0.367,-0.071,0.385
2020-12-09 22:55:12.3650,-0.03,-0.231,0.209,0.313
2020-12-09 22:55:12.3750,-0.256,-0.064,0.298,0.398
2020-12-09 22:55:12.3860,-0.441,0.113,0.319,0.556
2020-12-09 22:55:12.3960,-0.593,0.238,0.325,0.717
2020-12-09 22:55:12.4070,-0.63,0.298,0.365,0.787
2020-12-09 22:55:12.4450,-0.069,0.141,0.553,0.575
2020-12-09 22:55:12.4460,-0.069,0.141,0.553,0.575
2020-12-09 22:55:12.4460,-0.069,0.141,0.553,0.575
2020-12-09 22:55:12.4470,-0.069,0.141,0.553,0.575
2020-12-09 22:55:12.4560,-0.027,0.182,0.382,0.424
2020-12-09 22:55:12.4660,-0.093,0.277,0.012,0.292
2020-12-09 22:55:12.4760,-0.229,0.384,-0.498,0.669
2020-12-09 22:55:12.4860,-0.367,0.462,-1.056,1.21
2020-12-09 22:55:12.4970,-0.489,0.48,-1.548,1.693
2020-12-09 22:55:12.5070,-0.59,0.401,-1.845,1.978
2020-12-09 22:55:12.5410,-0.711,0.047,-1.333,1.511
2020-12-09 22:55:12.5410,-0.711,0.047,-1.333,1.511
2020-12-09 22:55:12.5420,-0.711,0.047,-1.333,1.511
2020-12-09 22:55:12.5460,-0.635,-0.054,-0.969,1.16
2020-12-09 22:55:12.5560,-0.45,-0.215,-0.504,0.709
2020-12-09 22:55:12.5660,-0.121,-0.572,0.124,0.598
2020-12-09 22:55:12.5760,0.224,-0.782,0.435,0.922
2020-12-09 22:55:12.5870,0.406,-0.864,0.221,0.98
2020-12-09 22:55:12.5970,0.272,-0.847,-0.697,1.13
2020-12-09 22:55:12.6070,-0.1,-0.5,-1.992,2.056
2020-12-09 22:55:12.6430,-0.83,-0.013,-4.292,4.372
2020-12-09 22:55:12.6430,-0.83,-0.013,-4.292,4.372
2020-12-09 22:55:12.6430,-0.83,-0.013,-4.292,4.372
2020-12-09 22:55:12.6470,-0.754,-0.211,-4.04,4.115
2020-12-09 22:55:12.6580,-0.471,-0.401,-3.255,3.313
2020-12-09 22:55:12.6670,-0.046,-0.581,-2.25,2.324
2020-12-09 22:55:12.6760,0.355,-0.757,-1.301,1.547
2020-12-09 22:55:12.6870,0.614,-0.821,-0.627,1.202
2020-12-09 22:55:12.6970,0.718,-0.795,-0.326,1.12
2020-12-09 22:55:12.7070,0.746,-0.7,-0.269,1.058
2020-12-09 22:55:12.7440,1.03,-0.529,-0.183,1.172
2020-12-09 22:55:12.7450,1.03,-0.529,-0.183,1.172
2020-12-09 22:55:12.7450,1.03,-0.529,-0.183,1.172
2020-12-09 22:55:12.7460,1.185,-0.534,-0.084,1.302
2020-12-09 22:55:12.7570,1.261,-0.537,-0.04,1.371
2020-12-09 22:55:12.7660,1.261,-0.585,-0.05,1.391
2020-12-09 22:55:12.7760,1.2,-0.642,-0.054,1.362
2020-12-09 22:55:12.7860,1.065,-0.651,0.002,1.248
2020-12-09 22:55:12.7970,0.853,-0.637,0.041,1.065
2020-12-09 22:55:12.8070,0.596,-0.601,-0.024,0.847
2020-12-09 22:55:12.8440,0.201,-0.277,-0.876,0.94
2020-12-09 22:55:12.8440,0.201,-0.277,-0.876,0.94
2020-12-09 22:55:12.8440,0.201,-0.277,-0.876,0.94
2020-12-09 22:55:12.8460,0.28,-0.173,-1.196,1.24
2020-12-09 22:55:12.8570,0.378,-0.086,-1.468,1.518
2020-12-09 22:55:12.8660,0.465,0.017,-1.68,1.743
2020-12-09 22:55:12.8770,0.512,0.111,-1.843,1.916
2020-12-09 22:55:12.8880,0.548,0.058,-1.869,1.949
2020-12-09 22:55:12.8970,0.648,-0.259,-1.715,1.852
2020-12-09 22:55:12.9080,0.662,-0.569,-1.453,1.695
2020-12-09 22:55:12.9470,-0.638,-0.024,-1.525,1.653
2020-12-09 22:55:12.9470,-0.638,-0.024,-1.525,1.653
2020-12-09 22:55:12.9480,-0.638,-0.024,-1.525,1.653
2020-12-09 22:55:12.9480,-0.638,-0.024,-1.525,1.653
2020-12-09 22:55:12.9570,-0.607,0.166,-1.78,1.888
2020-12-09 22:55:12.9670,-0.375,0.272,-2.077,2.128
2020-12-09 22:55:12.9770,-0.109,0.27,-2.262,2.281
2020-12-09 22:55:12.9890,0.11,0.118,-2.196,2.202
2020-12-09 22:55:12.9970,0.185,-0.026,-1.89,1.899
2020-12-09 22:55:13.0080,0.116,-0.072,-1.425,1.432
2020-12-09 22:55:13.0430,-0.332,-0.093,-0.37,0.506
2020-12-09 22:55:13.0430,-0.332,-0.093,-0.37,0.506
2020-12-09 22:55:13.0430,-0.332,-0.093,-0.37,0.506
2020-12-09 22:55:13.0470,-0.471,-0.134,-0.25,0.55
2020-12-09 22:55:13.0570,-0.611,-0.164,-0.197,0.663
2020-12-09 22:55:13.0670,-0.768,-0.204,-0.167,0.812
2020-12-09 22:55:13.0770,-0.911,-0.237,-0.109,0.948
2020-12-09 22:55:13.0870,-1.023,-0.179,-0.02,1.039
2020-12-09 22:55:13.0980,-1.026,-0.059,0.073,1.03
2020-12-09 22:55:13.1080,-0.911,0.081,0.148,0.926
2020-12-09 22:55:13.1420,-0.246,0.487,-0.136,0.562
2020-12-09 22:55:13.1430,-0.246,0.487,-0.136,0.562
2020-12-09 22:55:13.1430,-0.246,0.487,-0.136,0.562
2020-12-09 22:55:13.1470,-0.105,0.486,-0.447,0.669
2020-12-09 22:55:13.1570,-0.112,0.438,-0.762,0.886
2020-12-09 22:55:13.1670,-0.222,0.357,-0.967,1.054
2020-12-09 22:55:13.1770,-0.428,0.302,-1.088,1.208
2020-12-09 22:55:13.1900,-0.716,0.295,-1.045,1.301
2020-12-09 22:55:13.1980,-0.97,0.288,-0.878,1.34
2020-12-09 22:55:13.2080,-1.049,0.265,-0.638,1.256
2020-12-09 22:55:13.2470,-0.147,-0.137,0.053,0.208
2020-12-09 22:55:13.2470,-0.147,-0.137,0.053,0.208
2020-12-09 22:55:13.2470,-0.147,-0.137,0.053,0.208
2020-12-09 22:55:13.2480,-0.147,-0.137,0.053,0.208
2020-12-09 22:55:13.2580,0.359,-0.165,0.117,0.412
2020-12-09 22:55:13.2670,0.76,-0.235,-0.268,0.839
2020-12-09 22:55:13.2780,0.888,-0.286,-1.006,1.372
2020-12-09 22:55:13.2880,0.728,-0.175,-2.046,2.179
2020-12-09 22:55:13.2990,0.438,-0.043,-3.042,3.074
2020-12-09 22:55:13.3100,0.111,-0.125,-3.764,3.768
2020-12-09 22:55:13.3440,-1.197,-0.656,-3.493,3.75
2020-12-09 22:55:13.3440,-1.197,-0.656,-3.493,3.75
2020-12-09 22:55:13.3440,-1.197,-0.656,-3.493,3.75
2020-12-09 22:55:13.3480,-1.086,-0.83,-2.592,2.93
2020-12-09 22:55:13.3580,-0.642,-1.024,-1.795,2.164
2020-12-09 22:55:13.3680,-0.194,-1.094,-1.317,1.723
2020-12-09 22:55:13.3780,0.157,-1.051,-1.122,1.545
2020-12-09 22:55:13.3890,0.412,-0.954,-1.108,1.519
2020-12-09 22:55:13.3990,0.598,-0.853,-1.138,1.543
2020-12-09 22:55:13.4090,0.742,-0.765,-1.053,1.498
2020-12-09 22:55:13.4460,0.917,-0.757,-0.313,1.23
2020-12-09 22:55:13.4460,0.917,-0.757,-0.313,1.23
2020-12-09 22:55:13.4470,0.917,-0.757,-0.313,1.23
2020-12-09 22:55:13.4480,0.886,-0.768,-0.057,1.174
2020-12-09 22:55:13.4580,0.833,-0.767,0.146,1.142
2020-12-09 22:55:13.4680,0.7,-0.753,0.275,1.064
2020-12-09 22:55:13.4780,0.495,-0.706,0.352,0.931
2020-12-09 22:55:13.4890,0.304,-0.657,0.282,0.777
2020-12-09 22:55:13.4990,0.131,-0.63,0.113,0.653
2020-12-09 22:55:13.5090,0.002,-0.555,-0.077,0.56
2020-12-09 22:55:13.5470,0.184,-0.26,-1.061,1.108
2020-12-09 22:55:13.5470,0.184,-0.26,-1.061,1.108
2020-12-09 22:55:13.5470,0.184,-0.26,-1.061,1.108
2020-12-09 22:55:13.5480,0.175,-0.137,-1.452,1.469
2020-12-09 22:55:13.5590,0.198,-0.163,-1.727,1.746
2020-12-09 22:55:13.5680,0.318,-0.497,-1.68,1.781
2020-12-09 22:55:13.5780,0.323,-0.768,-1.45,1.672
2020-12-09 22:55:13.5890,0.251,-0.995,-1.234,1.605
2020-12-09 22:55:13.5990,-0.019,-0.969,-1.23,1.566
2020-12-09 22:55:13.6090,-0.476,-0.62,-1.324,1.538
2020-12-09 22:55:13.6450,-1.036,0.317,-1.669,1.99
2020-12-09 22:55:13.6450,-1.036,0.317,-1.669,1.99
2020-12-09 22:55:13.6450,-1.036,0.317,-1.669,1.99
2020-12-09 22:55:13.6480,-0.665,0.292,-1.774,1.917
2020-12-09 22:55:13.6590,-0.263,0.131,-1.712,1.737
2020-12-09 22:55:13.6690,-0.031,-0.059,-1.621,1.622
2020-12-09 22:55:13.6790,0.031,-0.248,-1.479,1.5
2020-12-09 22:55:13.6900,0.003,-0.327,-1.268,1.309
2020-12-09 22:55:13.6990,-0.112,-0.267,-1.032,1.072
2020-12-09 22:55:13.7100,-0.258,-0.192,-0.803,0.865
2020-12-09 22:55:13.7450,-0.42,-0.161,-0.563,0.721
2020-12-09 22:55:13.7450,-0.42,-0.161,-0.563,0.721
2020-12-09 22:55:13.7450,-0.42,-0.161,-0.563,0.721
2020-12-09 22:55:13.7490,-0.372,-0.234,-0.483,0.653
2020-12-09 22:55:13.7590,-0.293,-0.307,-0.362,0.558
2020-12-09 22:55:13.7690,-0.141,-0.393,-0.153,0.445
2020-12-09 22:55:13.7790,-0.012,-0.431,0.066,0.436
2020-12-09 22:55:13.7900,0.073,-0.387,0.26,0.472
2020-12-09 22:55:13.8000,0.087,-0.311,0.343,0.471
2020-12-09 22:55:13.8100,0.002,-0.225,0.185,0.291
2020-12-09 22:55:13.8430,-0.377,-0.041,-0.425,0.57
2020-12-09 22:55:13.8430,-0.377,-0.041,-0.425,0.57
2020-12-09 22:55:13.8430,-0.377,-0.041,-0.425,0.57
2020-12-09 22:55:13.8490,-0.501,0.028,-0.54,0.737
2020-12-09 22:55:13.8590,-0.52,0.034,-0.603,0.797
2020-12-09 22:55:13.8690,-0.424,-0.014,-0.587,0.724
2020-12-09 22:55:13.8790,-0.31,-0.041,-0.526,0.612
2020-12-09 22:55:13.8910,-0.215,-0.117,-0.711,0.752
2020-12-09 22:55:13.9000,-0.128,-0.15,-0.838,0.861
2020-12-09 22:55:13.9100,-0.072,-0.193,-0.919,0.942
2020-12-09 22:55:13.9470,0.668,-0.769,-0.352,1.078
2020-12-09 22:55:13.9480,0.668,-0.769,-0.352,1.078
2020-12-09 22:55:13.9480,0.668,-0.769,-0.352,1.078
2020-12-09 22:55:13.9490,0.425,-0.478,-0.805,1.028
2020-12-09 22:55:13.9600,-0.089,-0.431,-1.043,1.132
2020-12-09 22:55:13.9690,-0.608,-0.567,-1.442,1.664
2020-12-09 22:55:13.9790,-0.619,-0.724,-2.002,2.217
2020-12-09 22:55:13.9910,-0.612,-0.483,-2.155,2.292
2020-12-09 22:55:14.0010,-0.685,-0.299,-2.112,2.24
2020-12-09 22:55:14.0110,-0.696,-0.31,-1.993,2.134
2020-12-09 22:55:14.0460,-0.385,-0.645,-1.68,1.84
2020-12-09 22:55:14.0470,-0.385,-0.645,-1.68,1.84
2020-12-09 22:55:14.0470,-0.385,-0.645,-1.68,1.84
2020-12-09 22:55:14.0490,-0.24,-0.568,-1.256,1.399
2020-12-09 22:55:14.0600,-0.112,-0.559,-1.06,1.204
2020-12-09 22:55:14.0690,0.02,-0.52,-0.943,1.077
2020-12-09 22:55:14.0800,0.144,-0.463,-0.826,0.958
2020-12-09 22:55:14.0910,0.24,-0.425,-0.693,0.848
2020-12-09 22:55:14.1000,0.268,-0.408,-0.553,0.738
2020-12-09 22:55:14.1110,0.264,-0.409,-0.435,0.653
2020-12-09 22:55:14.1440,0.203,-0.397,-0.322,0.55
2020-12-09 22:55:14.1440,0.203,-0.397,-0.322,0.55
2020-12-09 22:55:14.1450,0.203,-0.397,-0.322,0.55
2020-12-09 22:55:14.1500,0.187,-0.373,-0.358,0.55
2020-12-09 22:55:14.1600,0.214,-0.341,-0.395,0.564
2020-12-09 22:55:14.1700,0.26,-0.296,-0.402,0.563
2020-12-09 22:55:14.1810,0.288,-0.264,-0.38,0.545
2020-12-09 22:55:14.1910,0.327,-0.233,-0.474,0.621
2020-12-09 22:55:14.2010,0.399,-0.178,-0.672,0.802
2020-12-09 22:55:14.2110,0.472,-0.108,-0.891,1.014
2020-12-09 22:55:14.2500,0.339,-0.223,-1.478,1.533
2020-12-09 22:55:14.2500,0.339,-0.223,-1.478,1.533
2020-12-09 22:55:14.2500,0.339,-0.223,-1.478,1.533
2020-12-09 22:55:14.2510,0.339,-0.223,-1.478,1.533
2020-12-09 22:55:14.2600,0.373,-0.516,-1.193,1.352
2020-12-09 22:55:14.2700,0.121,-0.502,-0.998,1.124
2020-12-09 22:55:14.2800,-0.156,-0.483,-1.098,1.21
2020-12-09 22:55:14.2910,-0.248,-0.755,-1.18,1.423
2020-12-09 22:55:14.3010,-0.395,-0.729,-1.398,1.625
2020-12-09 22:55:14.3110,-0.38,-0.643,-1.438,1.62
2020-12-09 22:55:14.3500,-0.213,-0.327,-1.622,1.668
2020-12-09 22:55:14.3510,-0.213,-0.327,-1.622,1.668
2020-12-09 22:55:14.3510,-0.213,-0.327,-1.622,1.668
2020-12-09 22:55:14.3510,-0.213,-0.327,-1.622,1.668
2020-12-09 22:55:14.3610,-0.146,-0.295,-1.739,1.77
2020-12-09 22:55:14.3700,-0.093,-0.303,-1.79,1.818
2020-12-09 22:55:14.3800,-0.07,-0.341,-1.702,1.737
2020-12-09 22:55:14.3920,-0.048,-0.359,-1.547,1.589
2020-12-09 22:55:14.4010,-0.024,-0.355,-1.35,1.396
2020-12-09 22:55:14.4110,0.007,-0.347,-1.139,1.191
2020-12-09 22:55:14.4540,-0.052,-0.202,-0.488,0.531
2020-12-09 22:55:14.4540,-0.052,-0.202,-0.488,0.531
2020-12-09 22:55:14.4540,-0.052,-0.202,-0.488,0.531
2020-12-09 22:55:14.4540,-0.052,-0.202,-0.488,0.531
2020-12-09 22:55:14.4610,-0.061,-0.174,-0.431,0.469
2020-12-09 22:55:14.4710,-0.077,-0.157,-0.381,0.419
2020-12-09 22:55:14.4810,-0.09,-0.169,-0.322,0.375
2020-12-09 22:55:14.4910,-0.082,-0.172,-0.284,0.342
2020-12-09 22:55:14.5010,-0.069,-0.144,-0.23,0.28
2020-12-09 22:55:14.5120,-0.063,-0.128,-0.224,0.266
2020-12-09 22:55:14.5510,-0.31,-0.089,-0.755,0.821
2020-12-09 22:55:14.5520,-0.31,-0.089,-0.755,0.821
2020-12-09 22:55:14.5520,-0.31,-0.089,-0.755,0.821
2020-12-09 22:55:14.5520,-0.31,-0.089,-0.755,0.821
2020-12-09 22:55:14.5610,-0.373,-0.099,-0.942,1.018
2020-12-09 22:55:14.5710,-0.412,-0.125,-1.041,1.127
2020-12-09 22:55:14.5810,-0.34,-0.245,-1.038,1.119
2020-12-09 22:55:14.5920,-0.131,-0.463,-0.833,0.962
2020-12-09 22:55:14.6020,0.0,-0.499,-0.556,0.747
2020-12-09 22:55:14.6120,0.179,-0.587,-0.352,0.707
2020-12-09 22:55:14.6490,0.219,-0.756,-0.931,1.219
2020-12-09 22:55:14.6490,0.219,-0.756,-0.931,1.219
2020-12-09 22:55:14.6490,0.219,-0.756,-0.931,1.219
2020-12-09 22:55:14.6510,0.156,-0.63,-1.35,1.498
2020-12-09 22:55:14.6610,0.043,-0.508,-1.764,1.836
2020-12-09 22:55:14.6710,-0.037,-0.458,-2.12,2.169
2020-12-09 22:55:14.6810,-0.101,-0.479,-2.331,2.382
2020-12-09 22:55:14.6930,-0.107,-0.512,-2.335,2.393
2020-12-09 22:55:14.7030,-0.03,-0.617,-2.182,2.268
2020-12-09 22:55:14.7120,0.042,-0.716,-1.923,2.052
2020-12-09 22:55:14.7490,0.287,-0.837,-0.831,1.214
2020-12-09 22:55:14.7500,0.287,-0.837,-0.831,1.214
2020-12-09 22:55:14.7500,0.287,-0.837,-0.831,1.214
2020-12-09 22:55:14.7510,0.372,-0.848,-0.53,1.067
2020-12-09 22:55:14.7620,0.436,-0.834,-0.304,0.989
2020-12-09 22:55:14.7710,0.465,-0.791,-0.147,0.929
2020-12-09 22:55:14.7820,0.457,-0.722,-0.097,0.86
2020-12-09 22:55:14.7920,0.462,-0.665,-0.094,0.815
2020-12-09 22:55:14.8020,0.458,-0.609,-0.087,0.767
2020-12-09 22:55:14.8120,0.415,-0.53,-0.049,0.675
2020-12-09 22:55:14.8510,0.193,-0.376,-0.061,0.427
2020-12-09 22:55:14.8510,0.193,-0.376,-0.061,0.427
2020-12-09 22:55:14.8510,0.193,-0.376,-0.061,0.427
2020-12-09 22:55:14.8520,0.193,-0.376,-0.061,0.427
2020-12-09 22:55:14.8620,0.155,-0.352,-0.204,0.435
2020-12-09 22:55:14.8710,0.142,-0.386,-0.417,0.586
2020-12-09 22:55:14.8820,0.162,-0.44,-0.693,0.837
2020-12-09 22:55:14.8930,0.182,-0.43,-0.961,1.068
2020-12-09 22:55:14.9020,0.143,-0.398,-1.229,1.3
2020-12-09 22:55:14.9130,0.121,-0.494,-1.389,1.479
2020-12-09 22:55:14.9500,-0.234,-0.834,-0.802,1.18
2020-12-09 22:55:14.9500,-0.234,-0.834,-0.802,1.18
2020-12-09 22:55:14.9500,-0.234,-0.834,-0.802,1.18
2020-12-09 22:55:14.9520,-0.376,-1.065,-0.783,1.374
2020-12-09 22:55:14.9620,-0.601,-1.143,-0.937,1.595
2020-12-09 22:55:14.9720,-0.718,-1.101,-1.051,1.683
2020-12-09 22:55:14.9820,-0.715,-1.003,-0.98,1.574
2020-12-09 22:55:14.9930,-0.595,-0.91,-0.837,1.372
2020-12-09 22:55:15.0030,-0.368,-0.851,-0.746,1.19
2020-12-09 22:55:15.0130,-0.136,-0.777,-0.864,1.17
2020-12-09 22:55:15.0530,0.008,-0.544,-1.161,1.282
2020-12-09 22:55:15.0530,0.008,-0.544,-1.161,1.282
2020-12-09 22:55:15.0530,0.008,-0.544,-1.161,1.282
2020-12-09 22:55:15.0530,0.008,-0.544,-1.161,1.282
2020-12-09 22:55:15.0620,-0.061,-0.449,-1.13,1.217
2020-12-09 22:55:15.0720,-0.081,-0.31,-1.034,1.083
2020-12-09 22:55:15.0820,0.02,-0.142,-0.857,0.869
2020-12-09 22:55:15.0920,-0.06,-0.077,-0.712,0.719
2020-12-09 22:55:15.1030,-0.099,-0.082,-0.628,0.641
2020-12-09 22:55:15.1130,-0.096,-0.055,-0.502,0.514
2020-12-09 22:55:15.1470,-0.004,-0.177,0.109,0.208
2020-12-09 22:55:15.1470,-0.004,-0.177,0.109,0.208
2020-12-09 22:55:15.1470,-0.004,-0.177,0.109,0.208
2020-12-09 22:55:15.1520,0.095,-0.169,0.105,0.22
2020-12-09 22:55:15.1620,0.135,-0.15,-0.075,0.215
2020-12-09 22:55:15.1720,0.104,-0.112,-0.408,0.436
2020-12-09 22:55:15.1820,0.042,-0.101,-0.809,0.816
2020-12-09 22:55:15.1930,-0.025,-0.081,-1.276,1.279
2020-12-09 22:55:15.2030,-0.144,-0.081,-1.642,1.65
2020-12-09 22:55:15.2130,-0.319,-0.073,-1.733,1.764
2020-12-09 22:55:15.2550,-0.359,-0.538,-0.745,0.987
2020-12-09 22:55:15.2550,-0.359,-0.538,-0.745,0.987
2020-12-09 22:55:15.2550,-0.359,-0.538,-0.745,0.987
2020-12-09 22:55:15.2550,-0.359,-0.538,-0.745,0.987
2020-12-09 22:55:15.2630,-0.18,-0.746,-0.225,0.8
2020-12-09 22:55:15.2730,-0.007,-0.933,-0.124,0.941
2020-12-09 22:55:15.2830,0.139,-1.222,-0.333,1.274
2020-12-09 22:55:15.2930,0.128,-1.455,-0.867,1.699
2020-12-09 22:55:15.3040,-0.004,-1.552,-1.717,2.314
2020-12-09 22:55:15.3140,-0.177,-1.498,-2.549,2.962
2020-12-09 22:55:15.3520,-0.754,-0.909,-3.384,3.584
2020-12-09 22:55:15.3520,-0.754,-0.909,-3.384,3.584
2020-12-09 22:55:15.3530,-0.754,-0.909,-3.384,3.584
2020-12-09 22:55:15.3540,-0.694,-0.866,-2.813,3.024
2020-12-09 22:55:15.3650,-0.471,-0.976,-2.167,2.423
2020-12-09 22:55:15.3730,-0.273,-1.033,-1.421,1.778
2020-12-09 22:55:15.3830,-0.103,-1.037,-0.69,1.25
2020-12-09 22:55:15.3930,0.08,-1.01,-0.176,1.028
2020-12-09 22:55:15.4040,0.206,-0.919,0.117,0.949
2020-12-09 22:55:15.4140,0.278,-0.796,0.23,0.874
2020-12-09 22:55:15.4470,0.394,-0.537,0.139,0.68
2020-12-09 22:55:15.4470,0.394,-0.537,0.139,0.68
2020-12-09 22:55:15.4470,0.394,-0.537,0.139,0.68
2020-12-09 22:55:15.4530,0.436,-0.482,0.108,0.659
2020-12-09 22:55:15.4630,0.485,-0.444,0.147,0.674
2020-12-09 22:55:15.4740,0.538,-0.398,0.24,0.711
2020-12-09 22:55:15.4830,0.573,-0.339,0.34,0.748
2020-12-09 22:55:15.4940,0.6,-0.29,0.428,0.792
2020-12-09 22:55:15.5040,0.6,-0.233,0.473,0.799
2020-12-09 22:55:15.5140,0.58,-0.194,0.44,0.753
2020-12-09 22:55:15.5530,0.409,-0.139,-0.259,0.504
2020-12-09 22:55:15.5540,0.409,-0.139,-0.259,0.504
2020-12-09 22:55:15.5540,0.409,-0.139,-0.259,0.504
2020-12-09 22:55:15.5550,0.409,-0.139,-0.259,0.504
2020-12-09 22:55:15.5640,0.369,-0.277,-0.514,0.691
2020-12-09 22:55:15.5740,0.236,-0.378,-0.828,0.94
2020-12-09 22:55:15.5840,0.149,-0.539,-1.052,1.191
2020-12-09 22:55:15.5940,0.213,-0.771,-1.033,1.306
2020-12-09 22:55:15.6050,0.246,-0.876,-0.902,1.281
2020-12-09 22:55:15.6140,0.189,-1.02,-0.677,1.239
2020-12-09 22:55:15.6520,-0.453,-1.103,-1.423,1.857
2020-12-09 22:55:15.6530,-0.453,-1.103,-1.423,1.857
2020-12-09 22:55:15.6530,-0.453,-1.103,-1.423,1.857
2020-12-09 22:55:15.6540,-0.568,-0.946,-1.621,1.961
2020-12-09 22:55:15.6640,-0.584,-0.748,-1.667,1.918
2020-12-09 22:55:15.6740,-0.449,-0.689,-1.599,1.798
2020-12-09 22:55:15.6830,-0.248,-0.712,-1.518,1.695
2020-12-09 22:55:15.6950,-0.114,-0.717,-1.463,1.633
2020-12-09 22:55:15.7050,-0.062,-0.715,-1.409,1.581
2020-12-09 22:55:15.7150,-0.057,-0.67,-1.355,1.513
2020-12-09 22:55:15.7520,-0.083,-0.483,-0.827,0.961
2020-12-09 22:55:15.7530,-0.083,-0.483,-0.827,0.961
2020-12-09 22:55:15.7530,-0.083,-0.483,-0.827,0.961
2020-12-09 22:55:15.7540,-0.138,-0.422,-0.589,0.738
2020-12-09 22:55:15.7640,-0.211,-0.374,-0.412,0.595
2020-12-09 22:55:15.7740,-0.288,-0.355,-0.305,0.55
2020-12-09 22:55:15.7840,-0.37,-0.35,-0.25,0.567
2020-12-09 22:55:15.7950,-0.437,-0.394,-0.233,0.633
2020-12-09 22:55:15.8050,-0.451,-0.426,-0.199,0.652
2020-12-09 22:55:15.8150,-0.385,-0.395,-0.173,0.578
2020-12-09 22:55:15.8540,-0.226,-0.193,-0.557,0.631
2020-12-09 22:55:15.8540,-0.226,-0.193,-0.557,0.631
2020-12-09 22:55:15.8540,-0.226,-0.193,-0.557,0.631
2020-12-09 22:55:15.8550,-0.226,-0.193,-0.557,0.631
2020-12-09 22:55:15.8640,-0.282,-0.182,-0.871,0.933
2020-12-09 22:55:15.8740,-0.392,-0.179,-1.133,1.212
2020-12-09 22:55:15.8840,-0.56,-0.201,-1.298,1.428
2020-12-09 22:55:15.8950,-0.735,-0.197,-1.271,1.481
2020-12-09 22:55:15.9060,-0.882,-0.202,-1.033,1.373
2020-12-09 22:55:15.9150,-0.915,-0.293,-0.589,1.127
2020-12-09 22:55:15.9520,-0.029,-0.948,0.835,1.264
2020-12-09 22:55:15.9520,-0.029,-0.948,0.835,1.264
2020-12-09 22:55:15.9520,-0.029,-0.948,0.835,1.264
2020-12-09 22:55:15.9540,0.208,-1.114,0.506,1.241
2020-12-09 22:55:15.9650,0.375,-1.348,-0.45,1.47
2020-12-09 22:55:15.9750,0.344,-1.349,-1.626,2.141
2020-12-09 22:55:15.9840,0.232,-1.233,-2.64,2.923
2020-12-09 22:55:15.9960,0.115,-1.068,-3.328,3.497
2020-12-09 22:55:16.0080,-0.061,-0.994,-3.449,3.59
2020-12-09 22:55:16.0160,-0.208,-0.984,-3.135,3.292
2020-12-09 22:55:16.0500,-0.042,-1.083,-1.146,1.577
2020-12-09 22:55:16.0500,-0.042,-1.083,-1.146,1.577
2020-12-09 22:55:16.0500,-0.042,-1.083,-1.146,1.577
2020-12-09 22:55:16.0550,0.076,-0.974,-0.593,1.143
2020-12-09 22:55:16.0650,0.199,-0.842,-0.246,0.899
2020-12-09 22:55:16.0750,0.313,-0.735,-0.047,0.8
2020-12-09 22:55:16.0850,0.415,-0.628,0.008,0.753
2020-12-09 22:55:16.0960,0.51,-0.531,-0.018,0.736
2020-12-09 22:55:16.1060,0.583,-0.449,-0.061,0.738
2020-12-09 22:55:16.1160,0.641,-0.385,-0.092,0.753
2020-12-09 22:55:16.1520,0.704,-0.289,-0.084,0.766
2020-12-09 22:55:16.1520,0.704,-0.289,-0.084,0.766
2020-12-09 22:55:16.1520,0.704,-0.289,-0.084,0.766
2020-12-09 22:55:16.1550,0.646,-0.27,-0.035,0.701
2020-12-09 22:55:16.1650,0.577,-0.275,0.051,0.641
2020-12-09 22:55:16.1750,0.492,-0.287,0.151,0.589
2020-12-09 22:55:16.1850,0.403,-0.315,0.211,0.553
2020-12-09 22:55:16.1960,0.305,-0.362,0.14,0.494
2020-12-09 22:55:16.2060,0.209,-0.429,-0.05,0.48
2020-12-09 22:55:16.2160,0.119,-0.494,-0.278,0.579
2020-12-09 22:55:16.2520,0.068,-0.662,-1.296,1.457
2020-12-09 22:55:16.2520,0.068,-0.662,-1.296,1.457
2020-12-09 22:55:16.2520,0.068,-0.662,-1.296,1.457
2020-12-09 22:55:16.2550,0.058,-0.725,-1.628,1.783
2020-12-09 22:55:16.2660,0.188,-0.904,-1.637,1.879
2020-12-09 22:55:16.2750,0.41,-1.135,-1.404,1.851
2020-12-09 22:55:16.2850,0.525,-1.275,-1.072,1.747
2020-12-09 22:55:16.2960,0.462,-1.471,-0.961,1.817
2020-12-09 22:55:16.3070,0.118,-1.426,-1.251,1.901
2020-12-09 22:55:16.3160,-0.279,-1.256,-1.566,2.027
2020-12-09 22:55:16.3530,-0.736,-0.836,-1.238,1.665
2020-12-09 22:55:16.3530,-0.736,-0.836,-1.238,1.665
2020-12-09 22:55:16.3530,-0.736,-0.836,-1.238,1.665
2020-12-09 22:55:16.3550,-0.504,-0.858,-0.981,1.397
2020-12-09 22:55:16.3660,-0.265,-0.85,-0.881,1.253
2020-12-09 22:55:16.3750,-0.122,-0.822,-0.893,1.22
2020-12-09 22:55:16.3850,-0.061,-0.769,-0.971,1.24
2020-12-09 22:55:16.3970,-0.054,-0.677,-1.06,1.259
2020-12-09 22:55:16.4060,-0.095,-0.573,-1.091,1.236
2020-12-09 22:55:16.4160,-0.162,-0.483,-1.003,1.125
2020-12-09 22:55:16.4510,-0.305,-0.154,-0.471,0.582
2020-12-09 22:55:16.4520,-0.305,-0.154,-0.471,0.582
2020-12-09 22:55:16.4520,-0.305,-0.154,-0.471,0.582
2020-12-09 22:55:16.4550,-0.312,-0.08,-0.308,0.446
2020-12-09 22:55:16.4660,-0.306,-0.039,-0.167,0.351
2020-12-09 22:55:16.4760,-0.274,-0.009,-0.061,0.281
2020-12-09 22:55:16.4860,-0.211,-0.006,0.055,0.218
2020-12-09 22:55:16.4970,-0.131,-0.005,0.104,0.167
2020-12-09 22:55:16.5070,-0.077,0.006,0.087,0.116
2020-12-09 22:55:16.5170,-0.061,0.019,0.028,0.07
2020-12-09 22:55:16.5540,-0.23,0.119,-0.369,0.451
2020-12-09 22:55:16.5550,-0.23,0.119,-0.369,0.451
2020-12-09 22:55:16.5550,-0.23,0.119,-0.369,0.451
2020-12-09 22:55:16.5560,-0.368,0.117,-0.567,0.686
2020-12-09 22:55:16.5660,-0.515,0.081,-0.729,0.896
2020-12-09 22:55:16.5760,-0.659,0.016,-0.808,1.043
2020-12-09 22:55:16.5860,-0.747,-0.108,-0.787,1.09
2020-12-09 22:55:16.5970,-0.729,-0.255,-0.772,1.092
2020-12-09 22:55:16.6070,-0.599,-0.459,-0.686,1.02
2020-12-09 22:55:16.6170,-0.28,-0.787,-0.431,0.94
2020-12-09 22:55:16.6500,0.427,-1.48,-0.857,1.763
2020-12-09 22:55:16.6500,0.427,-1.48,-0.857,1.763
2020-12-09 22:55:16.6500,0.427,-1.48,-0.857,1.763
2020-12-09 22:55:16.6560,0.24,-1.571,-1.676,2.31
2020-12-09 22:55:16.6670,-0.183,-1.502,-2.516,2.936
2020-12-09 22:55:16.6770,-0.669,-1.404,-3.16,3.522
2020-12-09 22:55:16.6880,-1.089,-1.331,-3.374,3.787
2020-12-09 22:55:16.6990,-1.257,-1.204,-3.126,3.578
2020-12-09 22:55:16.7070,-1.125,-1.083,-2.627,3.056
2020-12-09 22:55:16.7180,-0.69,-1.135,-2.049,2.442
2020-12-09 22:55:16.7510,0.41,-0.718,-0.469,0.951
2020-12-09 22:55:16.7510,0.41,-0.718,-0.469,0.951
2020-12-09 22:55:16.7510,0.41,-0.718,-0.469,0.951
2020-12-09 22:55:16.7560,0.602,-0.576,-0.225,0.863
2020-12-09 22:55:16.7670,0.68,-0.47,-0.117,0.835
2020-12-09 22:55:16.7760,0.696,-0.381,-0.112,0.801
2020-12-09 22:55:16.7860,0.688,-0.309,-0.116,0.763
2020-12-09 22:55:16.7980,0.696,-0.277,-0.064,0.752
2020-12-09 22:55:16.8070,0.705,-0.259,0.046,0.752
2020-12-09 22:55:16.8170,0.705,-0.256,0.188,0.773
2020-12-09 22:55:16.8570,0.591,-0.243,0.311,0.711
2020-12-09 22:55:16.8570,0.591,-0.243,0.311,0.711
2020-12-09 22:55:16.8570,0.591,-0.243,0.311,0.711
2020-12-09 22:55:16.8570,0.591,-0.243,0.311,0.711
2020-12-09 22:55:16.8670,0.538,-0.25,0.159,0.614
2020-12-09 22:55:16.8770,0.466,-0.27,-0.039,0.54
2020-12-09 22:55:16.8870,0.399,-0.291,-0.293,0.574
2020-12-09 22:55:16.8980,0.346,-0.336,-0.555,0.735
2020-12-09 22:55:16.9080,0.322,-0.406,-0.803,0.956
2020-12-09 22:55:16.9180,0.288,-0.478,-1.018,1.161
2020-12-09 22:55:16.9550,0.606,-1.047,-1.303,1.778
2020-12-09 22:55:16.9550,0.606,-1.047,-1.303,1.778
2020-12-09 22:55:16.9550,0.606,-1.047,-1.303,1.778
2020-12-09 22:55:16.9570,0.591,-1.269,-1.306,1.914
2020-12-09 22:55:16.9670,0.406,-1.456,-1.499,2.129
2020-12-09 22:55:16.9770,-0.001,-1.401,-1.859,2.328
2020-12-09 22:55:16.9870,-0.52,-1.203,-2.044,2.428
2020-12-09 22:55:16.9980,-0.93,-1.088,-1.931,2.404
2020-12-09 22:55:17.0080,-1.165,-0.96,-1.559,2.17
2020-12-09 22:55:17.0180,-1.031,-0.921,-1.151,1.799
2020-12-09 22:55:17.0560,-0.229,-0.821,-0.865,1.214
2020-12-09 22:55:17.0560,-0.229,-0.821,-0.865,1.214
2020-12-09 22:55:17.0560,-0.229,-0.821,-0.865,1.214
2020-12-09 22:55:17.0580,-0.139,-0.694,-0.927,1.166
2020-12-09 22:55:17.0670,-0.089,-0.56,-0.987,1.138
2020-12-09 22:55:17.0770,-0.05,-0.418,-0.96,1.048
2020-12-09 22:55:17.0870,0.007,-0.306,-0.862,0.915
2020-12-09 22:55:17.0990,0.021,-0.203,-0.772,0.799
2020-12-09 22:55:17.1080,0.012,-0.121,-0.693,0.704
2020-12-09 22:55:17.1180,-0.008,-0.061,-0.637,0.64
2020-12-09 22:55:17.1520,-0.188,0.123,-0.47,0.521
2020-12-09 22:55:17.1530,-0.188,0.123,-0.47,0.521
2020-12-09 22:55:17.1530,-0.188,0.123,-0.47,0.521
2020-12-09 22:55:17.1570,-0.241,0.175,-0.357,0.465
2020-12-09 22:55:17.1680,-0.27,0.205,-0.241,0.416
2020-12-09 22:55:17.1770,-0.24,0.24,-0.135,0.365
2020-12-09 22:55:17.1870,-0.209,0.256,-0.057,0.335
2020-12-09 22:55:17.1990,-0.226,0.246,-0.102,0.349
2020-12-09 22:55:17.2080,-0.298,0.19,-0.237,0.426
2020-12-09 22:55:17.2180,-0.411,0.1,-0.475,0.636
2020-12-09 22:55:17.2560,-0.653,-0.166,-1.021,1.223
2020-12-09 22:55:17.2560,-0.653,-0.166,-1.021,1.223
2020-12-09 22:55:17.2570,-0.653,-0.166,-1.021,1.223
2020-12-09 22:55:17.2580,-0.613,-0.248,-1.001,1.2
2020-12-09 22:55:17.2680,-0.558,-0.328,-0.911,1.118
2020-12-09 22:55:17.2780,-0.468,-0.483,-0.694,0.966
2020-12-09 22:55:17.2880,-0.277,-0.787,-0.284,0.881
2020-12-09 22:55:17.2990,-0.167,-0.979,-0.018,0.993
2020-12-09 22:55:17.3090,-0.139,-1.095,0.141,1.113
2020-12-09 22:55:17.3190,-0.251,-1.212,-0.043,1.238
2020-12-09 22:55:17.3550,-1.015,-0.955,-2.276,2.669
2020-12-09 22:55:17.3550,-1.015,-0.955,-2.276,2.669
2020-12-09 22:55:17.3550,-1.015,-0.955,-2.276,2.669
2020-12-09 22:55:17.3580,-1.029,-0.818,-2.801,3.094
2020-12-09 22:55:17.3700,-0.766,-0.811,-2.981,3.183
2020-12-09 22:55:17.3790,-0.47,-0.689,-2.832,2.952
2020-12-09 22:55:17.3900,-0.077,-0.757,-2.533,2.645
2020-12-09 22:55:17.3990,0.387,-0.883,-2.154,2.36
2020-12-09 22:55:17.4090,0.654,-0.819,-1.376,1.73
2020-12-09 22:55:17.4190,0.73,-0.678,-0.799,1.277
2020-12-09 22:55:17.4510,0.6,-0.455,-0.468,0.887
2020-12-09 22:55:17.4520,0.6,-0.455,-0.468,0.887
2020-12-09 22:55:17.4520,0.6,-0.455,-0.468,0.887
2020-12-09 22:55:17.4580,0.529,-0.422,-0.47,0.824
2020-12-09 22:55:17.4680,0.433,-0.393,-0.531,0.79
2020-12-09 22:55:17.4780,0.349,-0.369,-0.58,0.771
2020-12-09 22:55:17.4880,0.327,-0.345,-0.516,0.702
2020-12-09 22:55:17.4990,0.341,-0.324,-0.396,0.615
2020-12-09 22:55:17.5090,0.357,-0.282,-0.312,0.552
2020-12-09 22:55:17.5190,0.362,-0.24,-0.244,0.498
2020-12-09 22:55:17.5550,0.376,-0.157,-0.051,0.411
2020-12-09 22:55:17.5550,0.376,-0.157,-0.051,0.411
2020-12-09 22:55:17.5560,0.376,-0.157,-0.051,0.411
2020-12-09 22:55:17.5580,0.387,-0.137,-0.07,0.416
2020-12-09 22:55:17.5690,0.396,-0.124,-0.172,0.449
2020-12-09 22:55:17.5780,0.385,-0.146,-0.355,0.544
2020-12-09 22:55:17.5880,0.367,-0.188,-0.598,0.726
2020-12-09 22:55:17.6000,0.356,-0.228,-0.851,0.95
2020-12-09 22:55:17.6090,0.32,-0.265,-1.108,1.183
2020-12-09 22:55:17.6200,0.26,-0.318,-1.299,1.362
2020-12-09 22:55:17.6560,0.294,-0.977,-1.221,1.591
2020-12-09 22:55:17.6560,0.294,-0.977,-1.221,1.591
2020-12-09 22:55:17.6560,0.294,-0.977,-1.221,1.591
2020-12-09 22:55:17.6590,0.06,-0.989,-1.4,1.715
2020-12-09 22:55:17.6690,-0.293,-0.863,-1.778,1.998
2020-12-09 22:55:17.6790,-0.523,-0.799,-2.122,2.327
2020-12-09 22:55:17.6890,-0.77,-0.629,-2.3,2.506
2020-12-09 22:55:17.7010,-0.885,-0.44,-2.225,2.435
2020-12-09 22:55:17.7100,-0.743,-0.387,-1.928,2.102
2020-12-09 22:55:17.7200,-0.397,-0.45,-1.717,1.819
2020-12-09 22:55:17.7530,0.171,-0.573,-1.442,1.561
2020-12-09 22:55:17.7540,0.171,-0.573,-1.442,1.561
2020-12-09 22:55:17.7540,0.171,-0.573,-1.442,1.561
2020-12-09 22:55:17.7590,0.13,-0.54,-1.35,1.46
2020-12-09 22:55:17.7690,0.036,-0.493,-1.186,1.285
2020-12-09 22:55:17.7790,-0.059,-0.456,-0.981,1.083
2020-12-09 22:55:17.7890,-0.139,-0.42,-0.771,0.889
2020-12-09 22:55:17.8000,-0.201,-0.376,-0.552,0.697
2020-12-09 22:55:17.8100,-0.248,-0.327,-0.375,0.556
2020-12-09 22:55:17.8200,-0.287,-0.271,-0.262,0.474
2020-12-09 22:55:17.8560,-0.242,-0.226,-0.181,0.377
2020-12-09 22:55:17.8570,-0.242,-0.226,-0.181,0.377
2020-12-09 22:55:17.8570,-0.242,-0.226,-0.181,0.377
2020-12-09 22:55:17.8590,-0.183,-0.22,-0.145,0.321
2020-12-09 22:55:17.8690,-0.139,-0.208,-0.115,0.275
2020-12-09 22:55:17.8790,-0.122,-0.18,-0.158,0.269
2020-12-09 22:55:17.8890,-0.155,-0.142,-0.231,0.312
2020-12-09 22:55:17.9000,-0.236,-0.084,-0.341,0.423
2020-12-09 22:55:17.9100,-0.33,-0.03,-0.485,0.587
2020-12-09 22:55:17.9200,-0.418,0.021,-0.605,0.736
2020-12-09 22:55:17.9560,-0.642,0.086,-0.524,0.833
2020-12-09 22:55:17.9570,-0.642,0.086,-0.524,0.833
2020-12-09 22:55:17.9570,-0.642,0.086,-0.524,0.833
2020-12-09 22:55:17.9590,-0.669,0.071,-0.533,0.858
2020-12-09 22:55:17.9700,-0.632,0.018,-0.587,0.863
2020-12-09 22:55:17.9790,-0.488,-0.07,-0.627,0.798
2020-12-09 22:55:17.9900,-0.196,-0.264,-0.448,0.556
2020-12-09 22:55:17.9990,0.183,-0.512,-0.28,0.612
2020-12-09 22:55:18.0110,0.496,-0.764,-0.336,0.971
2020-12-09 22:55:18.0200,0.537,-0.965,-0.712,1.314
2020-12-09 22:55:18.0560,-0.424,-1.143,-2.814,3.067
2020-12-09 22:55:18.0560,-0.424,-1.143,-2.814,3.067
2020-12-09 22:55:18.0560,-0.424,-1.143,-2.814,3.067
2020-12-09 22:55:18.0600,-0.762,-1.243,-3.177,3.496
2020-12-09 22:55:18.0720,-0.963,-1.243,-3.089,3.466
2020-12-09 22:55:18.0810,-0.982,-1.124,-2.726,3.108
2020-12-09 22:55:18.0920,-0.73,-1.186,-2.396,2.771
2020-12-09 22:55:18.1000,-0.432,-1.198,-1.861,2.255
2020-12-09 22:55:18.1110,-0.245,-1.078,-1.317,1.719
2020-12-09 22:55:18.1210,-0.054,-1.003,-0.891,1.343
2020-12-09 22:55:18.1570,0.444,-0.678,0.02,0.811
2020-12-09 22:55:18.1570,0.444,-0.678,0.02,0.811
2020-12-09 22:55:18.1570,0.444,-0.678,0.02,0.811
2020-12-09 22:55:18.1600,0.474,-0.578,0.207,0.776
2020-12-09 22:55:18.1700,0.466,-0.511,0.255,0.737
2020-12-09 22:55:18.1800,0.44,-0.456,0.256,0.683
2020-12-09 22:55:18.1900,0.415,-0.409,0.267,0.641
2020-12-09 22:55:18.2010,0.4,-0.379,0.312,0.633
2020-12-09 22:55:18.2110,0.395,-0.354,0.393,0.66
2020-12-09 22:55:18.2210,0.364,-0.329,0.415,0.643
2020-12-09 22:55:18.2550,0.156,-0.338,-0.107,0.387
2020-12-09 22:55:18.2550,0.156,-0.338,-0.107,0.387
2020-12-09 22:55:18.2550,0.156,-0.338,-0.107,0.387
2020-12-09 22:55:18.2600,0.091,-0.363,-0.437,0.575
2020-12-09 22:55:18.2700,0.056,-0.386,-0.772,0.865
2020-12-09 22:55:18.2800,0.062,-0.38,-0.976,1.049
2020-12-09 22:55:18.2900,0.141,-0.42,-1.058,1.147
2020-12-09 22:55:18.3010,0.343,-0.546,-0.958,1.155
2020-12-09 22:55:18.3110,0.547,-0.66,-0.751,1.14
2020-12-09 22:55:18.3220,0.586,-0.682,-0.698,1.138
2020-12-09 22:55:18.3570,-0.724,-0.812,-2.149,2.409
2020-12-09 22:55:18.3570,-0.724,-0.812,-2.149,2.409
2020-12-09 22:55:18.3570,-0.724,-0.812,-2.149,2.409
2020-12-09 22:55:18.3610,-0.964,-0.81,-2.119,2.465
2020-12-09 22:55:18.3700,-0.985,-0.663,-1.814,2.168
2020-12-09 22:55:18.3800,-0.766,-0.504,-1.315,1.603
2020-12-09 22:55:18.3910,-0.35,-0.552,-1.101,1.28
2020-12-09 22:55:18.4020,0.002,-0.606,-1.052,1.214
2020-12-09 22:55:18.4120,0.173,-0.68,-1.073,1.282
2020-12-09 22:55:18.4230,0.185,-0.713,-1.069,1.298
2020-12-09 22:55:18.4590,0.032,-0.569,-0.661,0.873
2020-12-09 22:55:18.4590,0.032,-0.569,-0.661,0.873
2020-12-09 22:55:18.4590,0.032,-0.569,-0.661,0.873
2020-12-09 22:55:18.4610,-0.041,-0.522,-0.544,0.755
2020-12-09 22:55:18.4710,-0.12,-0.487,-0.487,0.699
2020-12-09 22:55:18.4810,-0.231,-0.456,-0.482,0.703
2020-12-09 22:55:18.4910,-0.33,-0.421,-0.541,0.761
2020-12-09 22:55:18.5020,-0.326,-0.357,-0.531,0.718
2020-12-09 22:55:18.5120,-0.352,-0.309,-0.52,0.7
2020-12-09 22:55:18.5220,-0.332,-0.278,-0.555,0.704
2020-12-09 22:55:18.5560,-0.154,-0.199,-0.445,0.511
2020-12-09 22:55:18.5560,-0.154,-0.199,-0.445,0.511
2020-12-09 22:55:18.5560,-0.154,-0.199,-0.445,0.511
2020-12-09 22:55:18.5610,-0.08,-0.189,-0.428,0.475
2020-12-09 22:55:18.5710,-0.061,-0.184,-0.47,0.508
2020-12-09 22:55:18.5810,-0.1,-0.197,-0.595,0.635
2020-12-09 22:55:18.5910,-0.156,-0.199,-0.751,0.792
2020-12-09 22:55:18.6010,-0.254,-0.176,-0.874,0.927
2020-12-09 22:55:18.6120,-0.39,-0.15,-1.027,1.109
2020-12-09 22:55:18.6230,-0.531,-0.098,-1.143,1.264
2020-12-09 22:55:18.6580,-0.784,-0.064,-1.053,1.314
2020-12-09 22:55:18.6580,-0.784,-0.064,-1.053,1.314
2020-12-09 22:55:18.6580,-0.784,-0.064,-1.053,1.314
2020-12-09 22:55:18.6610,-0.807,-0.114,-1.006,1.295
2020-12-09 22:55:18.6710,-0.639,-0.35,-0.713,1.019
2020-12-09 22:55:18.6810,-0.318,-0.605,-0.311,0.751
2020-12-09 22:55:18.6910,0.024,-0.728,-0.124,0.739
2020-12-09 22:55:18.7030,0.171,-0.829,-0.149,0.859
2020-12-09 22:55:18.7120,0.122,-0.993,-0.558,1.146
2020-12-09 22:55:18.7240,-0.081,-1.039,-1.327,1.687
2020-12-09 22:55:18.7630,-0.739,-0.817,-2.459,2.694
2020-12-09 22:55:18.7630,-0.739,-0.817,-2.459,2.694
2020-12-09 22:55:18.7630,-0.739,-0.817,-2.459,2.694
2020-12-09 22:55:18.7640,-0.739,-0.817,-2.459,2.694
2020-12-09 22:55:18.7720,-0.464,-0.88,-2.233,2.445
2020-12-09 22:55:18.7820,-0.096,-1.025,-1.92,2.179
2020-12-09 22:55:18.7920,0.102,-0.935,-1.348,1.644
2020-12-09 22:55:18.8010,0.232,-0.856,-0.929,1.284
2020-12-09 22:55:18.8130,0.332,-0.767,-0.691,1.084
2020-12-09 22:55:18.8230,0.397,-0.685,-0.557,0.968
2020-12-09 22:55:18.8580,0.525,-0.539,-0.247,0.792
2020-12-09 22:55:18.8590,0.525,-0.539,-0.247,0.792
2020-12-09 22:55:18.8590,0.525,-0.539,-0.247,0.792
2020-12-09 22:55:18.8610,0.582,-0.5,-0.156,0.783
2020-12-09 22:55:18.8720,0.633,-0.463,-0.071,0.787
2020-12-09 22:55:18.8810,0.669,-0.436,0.004,0.799
2020-12-09 22:55:18.8920,0.675,-0.399,0.06,0.786
2020-12-09 22:55:18.9030,0.665,-0.36,0.125,0.766
2020-12-09 22:55:18.9130,0.646,-0.331,0.174,0.746
2020-12-09 22:55:18.9230,0.605,-0.308,0.214,0.712
2020-12-09 22:55:18.9600,0.444,-0.291,-0.201,0.568
2020-12-09 22:55:18.9600,0.444,-0.291,-0.201,0.568
2020-12-09 22:55:18.9600,0.444,-0.291,-0.201,0.568
2020-12-09 22:55:18.9620,0.387,-0.321,-0.509,0.715
2020-12-09 22:55:18.9720,0.345,-0.365,-0.8,0.945
2020-12-09 22:55:18.9820,0.317,-0.43,-1.013,1.145
2020-12-09 22:55:18.9920,0.285,-0.491,-1.123,1.258
2020-12-09 22:55:19.0030,0.358,-0.68,-1.0,1.261
2020-12-09 22:55:19.0130,0.45,-0.925,-0.757,1.277
2020-12-09 22:55:19.0230,0.425,-1.133,-0.693,1.394
2020-12-09 22:55:19.0600,-0.887,-1.203,-2.275,2.722
2020-12-09 22:55:19.0600,-0.887,-1.203,-2.275,2.722
2020-12-09 22:55:19.0600,-0.887,-1.203,-2.275,2.722
2020-12-09 22:55:19.0620,-1.26,-1.122,-2.354,2.896
2020-12-09 22:55:19.0740,-1.595,-0.909,-2.113,2.799
2020-12-09 22:55:19.0820,-1.724,-0.686,-1.687,2.508
2020-12-09 22:55:19.0920,-1.586,-0.528,-1.312,2.125
2020-12-09 22:55:19.1020,-1.177,-0.558,-1.144,1.734
2020-12-09 22:55:19.1130,-0.701,-0.625,-1.114,1.457
2020-12-09 22:55:19.1240,-0.415,-0.626,-1.191,1.408
2020-12-09 22:55:19.1560,0.04,-0.377,-1.103,1.166
2020-12-09 22:55:19.1570,0.04,-0.377,-1.103,1.166
2020-12-09 22:55:19.1570,0.04,-0.377,-1.103,1.166
2020-12-09 22:55:19.1620,0.15,-0.29,-0.986,1.039
2020-12-09 22:55:19.1730,0.213,-0.221,-0.868,0.921
2020-12-09 22:55:19.1820,0.206,-0.162,-0.767,0.811
2020-12-09 22:55:19.1930,0.154,-0.125,-0.682,0.71
2020-12-09 22:55:19.2040,0.107,-0.109,-0.582,0.602
2020-12-09 22:55:19.2130,0.083,-0.096,-0.458,0.475
2020-12-09 22:55:19.2240,0.071,-0.087,-0.336,0.354
2020-12-09 22:55:19.2610,-0.088,-0.085,-0.099,0.157
2020-12-09 22:55:19.2620,-0.088,-0.085,-0.099,0.157
2020-12-09 22:55:19.2620,-0.088,-0.085,-0.099,0.157
2020-12-09 22:55:19.2630,-0.129,-0.078,-0.029,0.154
2020-12-09 22:55:19.2730,-0.205,-0.063,-0.031,0.217
2020-12-09 22:55:19.2830,-0.299,-0.058,-0.115,0.326
2020-12-09 22:55:19.2930,-0.383,-0.097,-0.271,0.479
2020-12-09 22:55:19.3040,-0.452,-0.098,-0.441,0.639
2020-12-09 22:55:19.3140,-0.474,-0.081,-0.617,0.782
2020-12-09 22:55:19.3240,-0.426,-0.093,-0.765,0.881
2020-12-09 22:55:19.3600,0.225,-0.576,-0.46,0.771
2020-12-09 22:55:19.3610,0.225,-0.576,-0.46,0.771
2020-12-09 22:55:19.3610,0.225,-0.576,-0.46,0.771
2020-12-09 22:55:19.3630,0.448,-0.745,-0.31,0.923
2020-12-09 22:55:19.3730,0.543,-0.875,-0.339,1.084
2020-12-09 22:55:19.3830,0.448,-1.065,-0.713,1.358
2020-12-09 22:55:19.3930,0.226,-1.158,-1.304,1.759
2020-12-09 22:55:19.4030,-0.033,-1.093,-1.821,2.124
2020-12-09 22:55:19.4140,-0.186,-1.046,-2.135,2.385
2020-12-09 22:55:19.4250,-0.347,-0.997,-2.079,2.332
2020-12-09 22:55:19.4600,-0.263,-1.027,-1.489,1.828
2020-12-09 22:55:19.4600,-0.263,-1.027,-1.489,1.828
2020-12-09 22:55:19.4600,-0.263,-1.027,-1.489,1.828
2020-12-09 22:55:19.4630,-0.054,-1.144,-1.459,1.855
2020-12-09 22:55:19.4730,0.086,-1.162,-1.417,1.835
2020-12-09 22:55:19.4830,0.119,-1.118,-1.178,1.628
2020-12-09 22:55:19.4930,0.078,-1.059,-0.927,1.41
2020-12-09 22:55:19.5040,0.022,-1.003,-0.764,1.261
2020-12-09 22:55:19.5140,-0.025,-0.979,-0.618,1.158
2020-12-09 22:55:19.5240,-0.064,-0.947,-0.505,1.075
2020-12-09 22:55:19.5600,0.073,-0.803,-0.138,0.818
2020-12-09 22:55:19.5610,0.073,-0.803,-0.138,0.818
2020-12-09 22:55:19.5610,0.073,-0.803,-0.138,0.818
2020-12-09 22:55:19.5630,0.116,-0.733,-0.054,0.744
2020-12-09 22:55:19.5740,0.161,-0.655,-0.025,0.675
2020-12-09 22:55:19.5830,0.192,-0.592,0.006,0.622
2020-12-09 22:55:19.5940,0.223,-0.511,0.028,0.558
2020-12-09 22:55:19.6050,0.236,-0.434,0.008,0.494
2020-12-09 22:55:19.6140,0.232,-0.369,-0.051,0.439
2020-12-09 22:55:19.6250,0.202,-0.326,-0.177,0.422
2020-12-09 22:55:19.6630,0.01,-0.308,-0.963,1.011
2020-12-09 22:55:19.6640,0.01,-0.308,-0.963,1.011
2020-12-09 22:55:19.6640,0.01,-0.308,-0.963,1.011
2020-12-09 22:55:19.6650,0.01,-0.308,-0.963,1.011
2020-12-09 22:55:19.6740,-0.002,-0.38,-1.066,1.132
2020-12-09 22:55:19.6840,-0.014,-0.453,-1.186,1.27
2020-12-09 22:55:19.6940,-0.054,-0.503,-1.341,1.433
2020-12-09 22:55:19.7050,-0.169,-0.507,-1.511,1.603
2020-12-09 22:55:19.7150,-0.331,-0.602,-1.782,1.91
2020-12-09 22:55:19.7250,-0.624,-0.603,-2.067,2.242
2020-12-09 22:55:19.7610,-1.102,-0.399,-1.064,1.583
2020-12-09 22:55:19.7610,-1.102,-0.399,-1.064,1.583
2020-12-09 22:55:19.7620,-1.102,-0.399,-1.064,1.583
2020-12-09 22:55:19.7640,-0.879,-0.346,-0.686,1.167
2020-12-09 22:55:19.7740,-0.462,-0.408,-0.665,0.907
2020-12-09 22:55:19.7840,-0.126,-0.468,-0.664,0.822
2020-12-09 22:55:19.7940,0.081,-0.495,-0.744,0.897
2020-12-09 22:55:19.8060,0.178,-0.495,-0.841,0.992
2020-12-09 22:55:19.8150,0.227,-0.452,-0.876,1.012
2020-12-09 22:55:19.8250,0.268,-0.389,-0.858,0.979
2020-12-09 22:55:19.8590,0.235,-0.248,-0.635,0.721
2020-12-09 22:55:19.8590,0.235,-0.248,-0.635,0.721
2020-12-09 22:55:19.8590,0.235,-0.248,-0.635,0.721
2020-12-09 22:55:19.8640,0.155,-0.233,-0.601,0.663
2020-12-09 22:55:19.8750,0.018,-0.236,-0.601,0.646
2020-12-09 22:55:19.8840,-0.181,-0.246,-0.603,0.676
2020-12-09 22:55:19.8940,-0.322,-0.266,-0.6,0.731
2020-12-09 22:55:19.9060,-0.366,-0.285,-0.608,0.765
2020-12-09 22:55:19.9150,-0.353,-0.298,-0.603,0.76
2020-12-09 22:55:19.9250,-0.319,-0.328,-0.615,0.767
2020-12-09 22:55:19.9610,-0.156,-0.222,-0.772,0.818
2020-12-09 22:55:19.9610,-0.156,-0.222,-0.772,0.818
2020-12-09 22:55:19.9620,-0.156,-0.222,-0.772,0.818
2020-12-09 22:55:19.9640,-0.172,-0.17,-0.927,0.958
2020-12-09 22:55:19.9750,-0.236,-0.127,-1.134,1.165
2020-12-09 22:55:19.9840,-0.325,-0.09,-1.306,1.349
2020-12-09 22:55:19.9950,-0.416,-0.092,-1.4,1.463
2020-12-09 22:55:20.0050,-0.499,-0.102,-1.433,1.521
2020-12-09 22:55:20.0160,-0.563,-0.091,-1.401,1.513
2020-12-09 22:55:20.0260,-0.615,-0.078,-1.324,1.462
2020-12-09 22:55:20.0630,-0.624,-0.279,-0.872,1.108
2020-12-09 22:55:20.0640,-0.624,-0.279,-0.872,1.108
2020-12-09 22:55:20.0640,-0.624,-0.279,-0.872,1.108
2020-12-09 22:55:20.0650,-0.499,-0.411,-0.582,0.87
2020-12-09 22:55:20.0750,-0.211,-0.575,-0.412,0.738
2020-12-09 22:55:20.0850,0.03,-0.723,-0.496,0.877
2020-12-09 22:55:20.0950,0.134,-0.784,-0.833,1.152
2020-12-09 22:55:20.1070,0.201,-0.808,-1.238,1.492
2020-12-09 22:55:20.1150,0.149,-0.744,-1.797,1.951
2020-12-09 22:55:20.1260,0.074,-0.673,-2.444,2.536
2020-12-09 22:55:20.1590,0.002,-0.755,-2.278,2.4
2020-12-09 22:55:20.1590,0.002,-0.755,-2.278,2.4
2020-12-09 22:55:20.1590,0.002,-0.755,-2.278,2.4
2020-12-09 22:55:20.1660,0.138,-0.891,-2.142,2.324
2020-12-09 22:55:20.1750,0.232,-0.934,-1.876,2.108
2020-12-09 22:55:20.1850,0.34,-0.969,-1.556,1.864
2020-12-09 22:55:20.1950,0.417,-0.93,-1.112,1.508
2020-12-09 22:55:20.2060,0.399,-0.822,-0.61,1.099
2020-12-09 22:55:20.2160,0.392,-0.754,-0.291,0.898
2020-12-09 22:55:20.2260,0.423,-0.695,-0.113,0.821
2020-12-09 22:55:20.2660,0.482,-0.49,0.075,0.691
2020-12-09 22:55:20.2660,0.482,-0.49,0.075,0.691
2020-12-09 22:55:20.2660,0.482,-0.49,0.075,0.691
2020-12-09 22:55:20.2660,0.482,-0.49,0.075,0.691
2020-12-09 22:55:20.2750,0.472,-0.445,0.083,0.654
2020-12-09 22:55:20.2850,0.445,-0.385,0.056,0.591
2020-12-09 22:55:20.2950,0.42,-0.311,0.023,0.523
2020-12-09 22:55:20.3050,0.408,-0.254,-0.035,0.482
2020-12-09 22:55:20.3160,0.407,-0.221,-0.132,0.482
2020-12-09 22:55:20.3270,0.392,-0.163,-0.263,0.499
2020-12-09 22:55:20.3620,0.347,-0.171,-0.923,1.001
2020-12-09 22:55:20.3620,0.347,-0.171,-0.923,1.001
2020-12-09 22:55:20.3620,0.347,-0.171,-0.923,1.001
2020-12-09 22:55:20.3650,0.27,-0.208,-1.143,1.193
2020-12-09 22:55:20.3760,0.122,-0.211,-1.219,1.243
2020-12-09 22:55:20.3860,0.065,-0.4,-1.08,1.154
2020-12-09 22:55:20.3960,0.09,-0.73,-0.967,1.215
2020-12-09 22:55:20.4060,0.052,-0.857,-0.879,1.229
2020-12-09 22:55:20.4170,0.114,-1.093,-0.799,1.359
2020-12-09 22:55:20.4270,0.031,-1.156,-0.918,1.476
2020-12-09 22:55:20.4640,-0.426,-0.818,-1.419,1.692
2020-12-09 22:55:20.4640,-0.426,-0.818,-1.419,1.692
2020-12-09 22:55:20.4640,-0.426,-0.818,-1.419,1.692
2020-12-09 22:55:20.4650,-0.466,-0.623,-1.571,1.753
2020-12-09 22:55:20.4760,-0.412,-0.538,-1.658,1.791
2020-12-09 22:55:20.4860,-0.296,-0.579,-1.711,1.83
2020-12-09 22:55:20.4960,-0.163,-0.642,-1.769,1.889
2020-12-09 22:55:20.5060,-0.095,-0.651,-1.764,1.883
2020-12-09 22:55:20.5170,-0.1,-0.618,-1.633,1.749
2020-12-09 22:55:20.5270,-0.147,-0.514,-1.389,1.488
2020-12-09 22:55:20.5640,-0.51,-0.027,-0.645,0.823
2020-12-09 22:55:20.5640,-0.51,-0.027,-0.645,0.823
2020-12-09 22:55:20.5640,-0.51,-0.027,-0.645,0.823
2020-12-09 22:55:20.5660,-0.594,0.151,-0.502,0.792
2020-12-09 22:55:20.5760,-0.626,0.235,-0.395,0.777
2020-12-09 22:55:20.5860,-0.629,0.233,-0.307,0.738
2020-12-09 22:55:20.5960,-0.566,0.2,-0.217,0.638
2020-12-09 22:55:20.6070,-0.438,0.2,-0.086,0.489
2020-12-09 22:55:20.6170,-0.3,0.214,0.048,0.372
2020-12-09 22:55:20.6270,-0.217,0.221,0.082,0.32
2020-12-09 22:55:20.6650,-0.022,0.116,-0.492,0.506
2020-12-09 22:55:20.6650,-0.022,0.116,-0.492,0.506
2020-12-09 22:55:20.6650,-0.022,0.116,-0.492,0.506
2020-12-09 22:55:20.6660,0.026,0.116,-0.655,0.666
2020-12-09 22:55:20.6770,0.061,0.02,-0.784,0.787
2020-12-09 22:55:20.6860,0.069,-0.091,-0.873,0.88
2020-12-09 22:55:20.6960,0.016,-0.148,-0.9,0.912
2020-12-09 22:55:20.7070,-0.035,-0.234,-0.874,0.905
2020-12-09 22:55:20.7170,0.0,-0.433,-0.649,0.78
2020-12-09 22:55:20.7270,0.105,-0.649,-0.259,0.707
2020-12-09 22:55:20.7660,0.23,-1.254,-0.898,1.559
2020-12-09 22:55:20.7660,0.23,-1.254,-0.898,1.559
2020-12-09 22:55:20.7660,0.23,-1.254,-0.898,1.559
2020-12-09 22:55:20.7670,0.23,-1.254,-0.898,1.559
2020-12-09 22:55:20.7770,0.026,-1.221,-1.528,1.956
2020-12-09 22:55:20.7870,-0.182,-1.079,-2.209,2.465
2020-12-09 22:55:20.7970,-0.37,-0.996,-2.688,2.89
2020-12-09 22:55:20.8090,-0.471,-0.957,-2.781,2.979
2020-12-09 22:55:20.8180,-0.472,-0.82,-2.557,2.726
2020-12-09 22:55:20.8280,-0.358,-0.799,-2.23,2.396
2020-12-09 22:55:20.8620,-0.065,-0.91,-1.09,1.421
2020-12-09 22:55:20.8620,-0.065,-0.91,-1.09,1.421
2020-12-09 22:55:20.8620,-0.065,-0.91,-1.09,1.421
2020-12-09 22:55:20.8660,-0.101,-0.821,-0.796,1.148
2020-12-09 22:55:20.8770,-0.13,-0.696,-0.608,0.933
2020-12-09 22:55:20.8870,-0.109,-0.567,-0.518,0.776
2020-12-09 22:55:20.8970,-0.049,-0.473,-0.434,0.644
2020-12-09 22:55:20.9080,0.037,-0.428,-0.351,0.555
2020-12-09 22:55:20.9180,0.122,-0.4,-0.293,0.511
2020-12-09 22:55:20.9280,0.176,-0.367,-0.229,0.467
2020-12-09 22:55:20.9640,0.249,-0.447,0.007,0.512
2020-12-09 22:55:20.9640,0.249,-0.447,0.007,0.512
2020-12-09 22:55:20.9650,0.249,-0.447,0.007,0.512
2020-12-09 22:55:20.9670,0.319,-0.52,0.028,0.611
2020-12-09 22:55:20.9770,0.374,-0.565,-0.036,0.679
2020-12-09 22:55:20.9870,0.401,-0.592,-0.148,0.73
2020-12-09 22:55:20.9970,0.458,-0.629,-0.327,0.844
2020-12-09 22:55:21.0080,0.517,-0.654,-0.598,1.026
2020-12-09 22:55:21.0180,0.566,-0.667,-0.839,1.212
2020-12-09 22:55:21.0280,0.589,-0.656,-1.048,1.37
2020-12-09 22:55:21.0680,0.446,-0.559,-1.482,1.646
2020-12-09 22:55:21.0680,0.446,-0.559,-1.482,1.646
2020-12-09 22:55:21.0680,0.446,-0.559,-1.482,1.646
2020-12-09 22:55:21.0690,0.446,-0.559,-1.482,1.646
2020-12-09 22:55:21.0770,0.382,-0.585,-1.515,1.668
2020-12-09 22:55:21.0870,0.336,-0.662,-1.601,1.765
2020-12-09 22:55:21.0970,0.23,-0.78,-1.772,1.95
2020-12-09 22:55:21.1090,0.041,-0.833,-1.924,2.097
2020-12-09 22:55:21.1180,-0.136,-0.776,-1.956,2.109
2020-12-09 22:55:21.1280,-0.299,-0.678,-1.844,1.987
2020-12-09 22:55:21.1660,-0.353,-0.604,-1.49,1.646
2020-12-09 22:55:21.1660,-0.353,-0.604,-1.49,1.646
2020-12-09 22:55:21.1660,-0.353,-0.604,-1.49,1.646
2020-12-09 22:55:21.1670,-0.225,-0.644,-1.467,1.618
2020-12-09 22:55:21.1780,-0.138,-0.644,-1.4,1.547
2020-12-09 22:55:21.1880,-0.082,-0.602,-1.297,1.432
2020-12-09 22:55:21.1980,-0.047,-0.53,-1.154,1.271
2020-12-09 22:55:21.2090,-0.019,-0.466,-0.978,1.084
2020-12-09 22:55:21.2180,-0.018,-0.41,-0.817,0.914
2020-12-09 22:55:21.2290,-0.05,-0.379,-0.687,0.786
2020-12-09 22:55:21.2660,-0.13,-0.32,-0.282,0.446
2020-12-09 22:55:21.2670,-0.13,-0.32,-0.282,0.446
2020-12-09 22:55:21.2670,-0.13,-0.32,-0.282,0.446
2020-12-09 22:55:21.2680,-0.105,-0.272,-0.131,0.32
2020-12-09 22:55:21.2780,-0.1,-0.225,-0.015,0.247
2020-12-09 22:55:21.2880,-0.125,-0.167,0.017,0.209
2020-12-09 22:55:21.2980,-0.165,-0.152,-0.093,0.243
2020-12-09 22:55:21.3090,-0.223,-0.111,-0.242,0.347
2020-12-09 22:55:21.3190,-0.248,-0.068,-0.37,0.451
2020-12-09 22:55:21.3290,-0.259,-0.009,-0.519,0.58
2020-12-09 22:55:21.3650,-0.179,0.091,-0.97,0.991
2020-12-09 22:55:21.3650,-0.179,0.091,-0.97,0.991
2020-12-09 22:55:21.3650,-0.179,0.091,-0.97,0.991
2020-12-09 22:55:21.3680,-0.18,0.05,-1.128,1.143
2020-12-09 22:55:21.3780,-0.237,0.006,-1.297,1.318
2020-12-09 22:55:21.3880,-0.292,0.004,-1.384,1.414
2020-12-09 22:55:21.3980,-0.331,0.012,-1.322,1.363
2020-12-09 22:55:21.4090,-0.406,-0.001,-1.068,1.143
2020-12-09 22:55:21.4190,-0.457,-0.092,-0.729,0.865
2020-12-09 22:55:21.4290,-0.375,-0.296,-0.441,0.65
2020-12-09 22:55:21.4640,0.038,-0.804,-0.877,1.19
2020-12-09 22:55:21.4640,0.038,-0.804,-0.877,1.19
2020-12-09 22:55:21.4640,0.038,-0.804,-0.877,1.19
2020-12-09 22:55:21.4680,0.111,-0.898,-0.99,1.341
2020-12-09 22:55:21.4790,0.126,-1.002,-1.215,1.58
2020-12-09 22:55:21.4880,0.067,-1.038,-1.608,1.915
2020-12-09 22:55:21.4980,0.024,-1.01,-1.922,2.171
2020-12-09 22:55:21.5090,0.033,-0.961,-1.915,2.143
2020-12-09 22:55:21.5190,0.031,-0.888,-1.75,1.963
2020-12-09 22:55:21.5290,0.023,-0.78,-1.572,1.755
2020-12-09 22:55:21.5670,0.063,-0.833,-1.249,1.503
2020-12-09 22:55:21.5670,0.063,-0.833,-1.249,1.503
2020-12-09 22:55:21.5680,0.063,-0.833,-1.249,1.503
2020-12-09 22:55:21.5690,0.105,-0.868,-0.998,1.327
2020-12-09 22:55:21.5790,0.126,-0.815,-0.647,1.048
2020-12-09 22:55:21.5880,0.154,-0.758,-0.373,0.859
2020-12-09 22:55:21.5980,0.207,-0.706,-0.215,0.766
2020-12-09 22:55:21.6090,0.277,-0.64,-0.149,0.713
2020-12-09 22:55:21.6200,0.347,-0.547,-0.104,0.656
2020-12-09 22:55:21.6290,0.399,-0.488,-0.076,0.635
2020-12-09 22:55:21.6650,0.538,-0.547,-0.203,0.794
2020-12-09 22:55:21.6660,0.538,-0.547,-0.203,0.794
2020-12-09 22:55:21.6660,0.538,-0.547,-0.203,0.794
2020-12-09 22:55:21.6690,0.509,-0.495,-0.273,0.761
2020-12-09 22:55:21.6790,0.504,-0.478,-0.316,0.763
2020-12-09 22:55:21.6890,0.52,-0.46,-0.35,0.777
2020-12-09 22:55:21.6990,0.545,-0.418,-0.436,0.814
2020-12-09 22:55:21.7090,0.534,-0.396,-0.631,0.917
2020-12-09 22:55:21.7200,0.487,-0.363,-0.808,1.011
2020-12-09 22:55:21.7300,0.43,-0.337,-0.891,1.045
2020-12-09 22:55:21.7710,-0.038,-0.415,-1.525,1.581
2020-12-09 22:55:21.7710,-0.038,-0.415,-1.525,1.581
2020-12-09 22:55:21.7710,-0.038,-0.415,-1.525,1.581
2020-12-09 22:55:21.7710,-0.038,-0.415,-1.525,1.581
2020-12-09 22:55:21.7790,-0.027,-0.544,-1.395,1.498
2020-12-09 22:55:21.7890,-0.07,-0.633,-1.077,1.251
2020-12-09 22:55:21.7990,-0.09,-0.711,-0.967,1.204
2020-12-09 22:55:21.8090,-0.092,-0.814,-1.018,1.307
2020-12-09 22:55:21.8200,-0.131,-0.907,-1.041,1.387
2020-12-09 22:55:21.8300,-0.227,-0.895,-1.056,1.403
2020-12-09 22:55:21.8670,-0.169,-0.629,-1.218,1.381
2020-12-09 22:55:21.8670,-0.169,-0.629,-1.218,1.381
2020-12-09 22:55:21.8670,-0.169,-0.629,-1.218,1.381
2020-12-09 22:55:21.8690,-0.02,-0.621,-1.346,1.482
2020-12-09 22:55:21.8800,0.088,-0.596,-1.441,1.562
2020-12-09 22:55:21.8890,0.122,-0.585,-1.539,1.651
2020-12-09 22:55:21.8990,0.09,-0.575,-1.585,1.688
2020-12-09 22:55:21.9100,-0.016,-0.488,-1.532,1.608
2020-12-09 22:55:21.9200,-0.142,-0.36,-1.415,1.467
2020-12-09 22:55:21.9300,-0.228,-0.268,-1.268,1.316
2020-12-09 22:55:21.9700,-0.275,-0.092,-0.613,0.678
2020-12-09 22:55:21.9700,-0.275,-0.092,-0.613,0.678
2020-12-09 22:55:21.9700,-0.275,-0.092,-0.613,0.678
2020-12-09 22:55:21.9700,-0.275,-0.092,-0.613,0.678
2020-12-09 22:55:21.9800,-0.24,-0.107,-0.518,0.581
2020-12-09 22:55:21.9900,-0.211,-0.118,-0.459,0.519
2020-12-09 22:55:22.0000,-0.181,-0.115,-0.448,0.497
2020-12-09 22:55:22.0100,-0.162,-0.104,-0.486,0.523
2020-12-09 22:55:22.0200,-0.162,-0.084,-0.54,0.57
2020-12-09 22:55:22.0300,-0.172,-0.06,-0.557,0.586
2020-12-09 22:55:22.0670,-0.223,-0.024,-0.685,0.721
2020-12-09 22:55:22.0670,-0.223,-0.024,-0.685,0.721
2020-12-09 22:55:22.0670,-0.223,-0.024,-0.685,0.721
2020-12-09 22:55:22.0700,-0.244,-0.022,-0.721,0.761
2020-12-09 22:55:22.0800,-0.275,-0.029,-0.74,0.79
2020-12-09 22:55:22.0900,-0.291,-0.056,-0.774,0.829
2020-12-09 22:55:22.1000,-0.275,-0.137,-0.758,0.818
2020-12-09 22:55:22.1110,-0.243,-0.253,-0.64,0.73
2020-12-09 22:55:22.1210,-0.186,-0.391,-0.498,0.66
2020-12-09 22:55:22.1310,-0.123,-0.527,-0.413,0.681
2020-12-09 22:55:22.1690,-0.064,-0.677,-0.825,1.069
2020-12-09 22:55:22.1690,-0.064,-0.677,-0.825,1.069
2020-12-09 22:55:22.1690,-0.064,-0.677,-0.825,1.069
2020-12-09 22:55:22.1700,-0.045,-0.648,-0.982,1.177
2020-12-09 22:55:22.1800,-0.017,-0.54,-1.065,1.194
2020-12-09 22:55:22.1900,0.064,-0.458,-1.16,1.249
2020-12-09 22:55:22.2000,0.143,-0.425,-1.282,1.358
2020-12-09 22:55:22.2110,0.14,-0.438,-1.375,1.45
2020-12-09 22:55:22.2200,0.061,-0.513,-1.436,1.526
2020-12-09 22:55:22.2310,-0.066,-0.525,-1.403,1.499
2020-12-09 22:55:22.2640,-0.015,-0.411,-1.167,1.237
2020-12-09 22:55:22.2640,-0.015,-0.411,-1.167,1.237
2020-12-09 22:55:22.2640,-0.015,-0.411,-1.167,1.237
2020-12-09 22:55:22.2700,0.134,-0.444,-1.101,1.195
2020-12-09 22:55:22.2800,0.246,-0.439,-0.992,1.112
2020-12-09 22:55:22.2900,0.332,-0.451,-0.839,1.009
2020-12-09 22:55:22.3000,0.38,-0.47,-0.688,0.916
2020-12-09 22:55:22.3110,0.384,-0.481,-0.571,0.84
2020-12-09 22:55:22.3220,0.355,-0.496,-0.476,0.774
2020-12-09 22:55:22.3310,0.307,-0.503,-0.397,0.711
2020-12-09 22:55:22.3680,0.139,-0.5,-0.382,0.644
2020-12-09 22:55:22.3680,0.139,-0.5,-0.382,0.644
2020-12-09 22:55:22.3690,0.139,-0.5,-0.382,0.644
2020-12-09 22:55:22.3700,0.095,-0.474,-0.368,0.608
2020-12-09 22:55:22.3810,0.086,-0.451,-0.4,0.609
2020-12-09 22:55:22.3910,0.127,-0.391,-0.53,0.671
2020-12-09 22:55:22.4000,0.206,-0.288,-0.734,0.815
2020-12-09 22:55:22.4110,0.314,-0.177,-0.962,1.027
2020-12-09 22:55:22.4220,0.453,-0.055,-1.218,1.301
2020-12-09 22:55:22.4320,0.643,0.05,-1.529,1.659
2020-12-09 22:55:22.4690,0.759,-0.153,-1.548,1.731
2020-12-09 22:55:22.4690,0.759,-0.153,-1.548,1.731
2020-12-09 22:55:22.4690,0.759,-0.153,-1.548,1.731
2020-12-09 22:55:22.4710,0.378,0.012,-1.456,1.504
2020-12-09 22:55:22.4810,0.046,-0.098,-1.378,1.382
2020-12-09 22:55:22.4910,-0.114,-0.187,-1.345,1.363
2020-12-09 22:55:22.5010,-0.181,-0.229,-1.338,1.369
2020-12-09 22:55:22.5120,-0.109,-0.316,-1.163,1.21
2020-12-09 22:55:22.5220,0.071,-0.394,-0.945,1.026
2020-12-09 22:55:22.5320,0.178,-0.354,-0.814,0.905
2020-12-09 22:55:22.5700,0.265,-0.315,-1.061,1.138
2020-12-09 22:55:22.5700,0.265,-0.315,-1.061,1.138
2020-12-09 22:55:22.5700,0.271,-0.419,-1.052,1.164
2020-12-09 22:55:22.5710,0.271,-0.419,-1.052,1.164
2020-12-09 22:55:22.5810,0.171,-0.393,-0.977,1.067
2020-12-09 22:55:22.5910,0.044,-0.302,-0.927,0.976
2020-12-09 22:55:22.6010,-0.036,-0.253,-0.874,0.911
2020-12-09 22:55:22.6110,-0.099,-0.237,-0.817,0.856
2020-12-09 22:55:22.6230,-0.148,-0.203,-0.769,0.809
2020-12-09 22:55:22.6320,-0.153,-0.166,-0.734,0.768
2020-12-09 22:55:22.6660,-0.016,-0.163,-0.789,0.806
2020-12-09 22:55:22.6660,-0.016,-0.163,-0.789,0.806
2020-12-09 22:55:22.6660,-0.016,-0.163,-0.789,0.806
2020-12-09 22:55:22.6710,0.011,-0.147,-0.785,0.799
2020-12-09 22:55:22.6810,0.014,-0.116,-0.744,0.753
2020-12-09 22:55:22.6910,0.0,-0.093,-0.695,0.701
2020-12-09 22:55:22.7010,-0.033,-0.076,-0.644,0.649
2020-12-09 22:55:22.7130,-0.084,-0.049,-0.62,0.628
2020-12-09 22:55:22.7230,-0.15,-0.02,-0.683,0.7
2020-12-09 22:55:22.7330,-0.217,-0.029,-0.791,0.821
2020-12-09 22:55:22.7700,-0.339,-0.06,-0.877,0.942
2020-12-09 22:55:22.7710,-0.339,-0.06,-0.877,0.942
2020-12-09 22:55:22.7710,-0.339,-0.06,-0.877,0.942
2020-12-09 22:55:22.7720,-0.368,-0.045,-0.83,0.909
2020-12-09 22:55:22.7820,-0.365,-0.035,-0.797,0.877
2020-12-09 22:55:22.7920,-0.267,-0.114,-0.743,0.798
2020-12-09 22:55:22.8020,-0.084,-0.318,-0.618,0.7
2020-12-09 22:55:22.8130,0.043,-0.44,-0.498,0.666
2020-12-09 22:55:22.8230,0.133,-0.506,-0.48,0.71
2020-12-09 22:55:22.8330,0.209,-0.62,-0.707,0.963
2020-12-09 22:55:22.8660,0.11,-0.79,-1.51,1.708
2020-12-09 22:55:22.8660,0.11,-0.79,-1.51,1.708
2020-12-09 22:55:22.8660,0.11,-0.79,-1.51,1.708
2020-12-09 22:55:22.8720,-0.081,-0.579,-1.716,1.813
2020-12-09 22:55:22.8820,-0.236,-0.494,-1.831,1.911
2020-12-09 22:55:22.8920,-0.422,-0.367,-1.854,1.937
2020-12-09 22:55:22.9020,-0.563,-0.178,-1.776,1.872
2020-12-09 22:55:22.9130,-0.61,-0.022,-1.645,1.755
2020-12-09 22:55:22.9240,-0.481,0.029,-1.576,1.648
2020-12-09 22:55:22.9330,-0.21,-0.093,-1.544,1.561
2020-12-09 22:55:22.9700,0.518,-0.378,-1.105,1.278
2020-12-09 22:55:22.9700,0.518,-0.378,-1.105,1.278
2020-12-09 22:55:22.9710,0.518,-0.378,-1.105,1.278
2020-12-09 22:55:22.9720,0.672,-0.483,-0.898,1.221
2020-12-09 22:55:22.9820,0.714,-0.55,-0.753,1.174
2020-12-09 22:55:22.9920,0.68,-0.593,-0.652,1.113
2020-12-09 22:55:23.0020,0.601,-0.625,-0.585,1.046
2020-12-09 22:55:23.0130,0.512,-0.645,-0.616,1.028
2020-12-09 22:55:23.0250,0.433,-0.721,-0.679,1.081
2020-12-09 22:55:23.0330,0.379,-0.694,-0.571,0.975
2020-12-09 22:55:23.0710,0.017,-0.442,-0.687,0.817
2020-12-09 22:55:23.0720,0.017,-0.442,-0.687,0.817
2020-12-09 22:55:23.0720,0.017,-0.442,-0.687,0.817
2020-12-09 22:55:23.0730,-0.124,-0.279,-0.874,0.926
2020-12-09 22:55:23.0820,-0.125,-0.062,-0.762,0.775
2020-12-09 22:55:23.0920,-0.129,0.094,-0.665,0.684
2020-12-09 22:55:23.1020,-0.077,0.146,-0.641,0.662
2020-12-09 22:55:23.1120,0.096,0.032,-0.647,0.655
2020-12-09 22:55:23.1250,0.33,-0.195,-0.646,0.751
2020-12-09 22:55:23.1330,0.468,-0.362,-0.615,0.853
2020-12-09 22:55:23.1690,0.194,-0.551,-1.11,1.254
2020-12-09 22:55:23.1690,0.194,-0.551,-1.11,1.254
2020-12-09 22:55:23.1690,0.194,-0.551,-1.11,1.254
2020-12-09 22:55:23.1720,0.161,-0.7,-1.935,2.064
2020-12-09 22:55:23.1820,0.209,-0.803,-1.356,1.59
2020-12-09 22:55:23.1920,0.039,-0.637,-0.545,0.839
2020-12-09 22:55:23.2020,-0.194,-0.485,-0.671,0.85
2020-12-09 22:55:23.2140,-0.246,-0.291,-0.784,0.872
2020-12-09 22:55:23.2240,-0.213,-0.167,-1.223,1.253
2020-12-09 22:55:23.2340,-0.173,-0.195,-1.665,1.685
2020-12-09 22:55:23.2690,-0.185,-0.141,-1.114,1.138
2020-12-09 22:55:23.2690,-0.185,-0.141,-1.114,1.138
2020-12-09 22:55:23.2700,-0.185,-0.141,-1.114,1.138
2020-12-09 22:55:23.2730,-0.225,-0.134,-0.934,0.97
2020-12-09 22:55:23.2830,-0.217,-0.145,-0.85,0.889
2020-12-09 22:55:23.2930,-0.197,-0.176,-0.835,0.876
2020-12-09 22:55:23.3030,-0.204,-0.184,-0.831,0.875
2020-12-09 22:55:23.3140,-0.182,-0.183,-0.818,0.858
2020-12-09 22:55:23.3240,-0.151,-0.184,-0.792,0.827
2020-12-09 22:55:23.3340,-0.143,-0.162,-0.816,0.844
2020-12-09 22:55:23.3720,-0.225,0.001,-1.191,1.212
2020-12-09 22:55:23.3730,-0.225,0.001,-1.191,1.212
2020-12-09 22:55:23.3730,-0.225,0.001,-1.191,1.212
2020-12-09 22:55:23.3740,-0.225,0.001,-1.191,1.212
2020-12-09 22:55:23.3830,-0.274,0.022,-1.206,1.237
2020-12-09 22:55:23.3930,-0.333,0.018,-1.166,1.213
2020-12-09 22:55:23.4030,-0.387,0.01,-1.12,1.185
2020-12-09 22:55:23.4150,-0.348,-0.024,-1.068,1.124
2020-12-09 22:55:23.4240,-0.2,-0.165,-0.988,1.021
2020-12-09 22:55:23.4340,-0.09,-0.287,-0.897,0.946
2020-12-09 22:55:23.4680,0.13,-0.641,-0.903,1.115
2020-12-09 22:55:23.4680,0.13,-0.641,-0.903,1.115
2020-12-09 22:55:23.4680,0.13,-0.641,-0.903,1.115
2020-12-09 22:55:23.4730,0.176,-0.777,-1.131,1.383
2020-12-09 22:55:23.4840,0.185,-0.79,-1.466,1.676
2020-12-09 22:55:23.4930,0.122,-0.532,-1.674,1.761
2020-12-09 22:55:23.5030,0.033,-0.229,-1.749,1.764
2020-12-09 22:55:23.5130,0.048,-0.135,-1.765,1.771
2020-12-09 22:55:23.5250,0.056,-0.114,-1.708,1.713
2020-12-09 22:55:23.5340,-0.004,-0.054,-1.579,1.58
2020-12-09 22:55:23.5720,0.111,-0.235,-1.224,1.251
2020-12-09 22:55:23.5720,0.111,-0.235,-1.224,1.251
2020-12-09 22:55:23.5720,0.111,-0.235,-1.224,1.251
2020-12-09 22:55:23.5740,0.154,-0.355,-1.127,1.192
2020-12-09 22:55:23.5840,0.128,-0.433,-0.956,1.057
2020-12-09 22:55:23.5930,0.062,-0.475,-0.767,0.904
2020-12-09 22:55:23.6040,0.004,-0.491,-0.643,0.809
2020-12-09 22:55:23.6150,-0.035,-0.48,-0.596,0.766
2020-12-09 22:55:23.6250,-0.061,-0.433,-0.587,0.732
2020-12-09 22:55:23.6340,-0.062,-0.411,-0.533,0.676
2020-12-09 22:55:23.6730,0.045,-0.402,-0.372,0.55
2020-12-09 22:55:23.6730,0.045,-0.402,-0.372,0.55
2020-12-09 22:55:23.6730,0.045,-0.402,-0.372,0.55
2020-12-09 22:55:23.6740,0.079,-0.401,-0.333,0.527
2020-12-09 22:55:23.6840,0.108,-0.41,-0.306,0.523
2020-12-09 22:55:23.6940,0.134,-0.42,-0.296,0.531
2020-12-09 22:55:23.7040,0.16,-0.404,-0.318,0.538
2020-12-09 22:55:23.7150,0.187,-0.358,-0.339,0.527
2020-12-09 22:55:23.7250,0.228,-0.296,-0.352,0.513
2020-12-09 22:55:23.7350,0.281,-0.225,-0.371,0.517
2020-12-09 22:55:23.7760,0.64,-0.137,-0.851,1.074
2020-12-09 22:55:23.7760,0.64,-0.137,-0.851,1.074
2020-12-09 22:55:23.7760,0.64,-0.137,-0.851,1.074
2020-12-09 22:55:23.7760,0.64,-0.137,-0.851,1.074
2020-12-09 22:55:23.7840,0.831,-0.334,-0.997,1.34
2020-12-09 22:55:23.7940,0.813,-0.494,-0.996,1.377
2020-12-09 22:55:23.8040,0.609,-0.556,-0.976,1.278
2020-12-09 22:55:23.8150,0.296,-0.504,-0.951,1.116
2020-12-09 22:55:23.8250,0.081,-0.49,-0.995,1.112
2020-12-09 22:55:23.8350,0.036,-0.494,-1.094,1.201
2020-12-09 22:55:23.8710,0.336,-0.237,-1.416,1.474
2020-12-09 22:55:23.8720,0.336,-0.237,-1.416,1.474
2020-12-09 22:55:23.8720,0.336,-0.237,-1.416,1.474
2020-12-09 22:55:23.8740,0.404,-0.253,-1.473,1.548
2020-12-09 22:55:23.8840,0.36,-0.142,-1.551,1.599
2020-12-09 22:55:23.8940,0.348,-0.099,-1.549,1.591
2020-12-09 22:55:23.9040,0.297,-0.101,-1.403,1.438
2020-12-09 22:55:23.9140,0.24,-0.082,-1.347,1.371
2020-12-09 22:55:23.9250,0.164,-0.076,-1.244,1.257
2020-12-09 22:55:23.9340,0.077,-0.069,-1.07,1.075
