Time;AccX;AccY;AccZ;Acc-old;Acc-trns
09:13.1;0.06608333072838658;-0.3785011223749434;-1.7060259203857917;1.743;0.04267216927237955
09:13.1;0.06067116026276119;-0.35930540382128495;-1.597531677687606;1.7069999999999999;0.03482535304926382
09:13.1;0.05279748702088704;-0.3394151017797548;-1.4879057003810423;1.646;0.026663663599086115
09:13.2;0.0409287770766249;-0.31840509058712774;-1.3764271668587602;1.604;0.017937503827456666
09:13.2;0.02397153237603997;-0.2958335973497291;-1.2629488648972351;1.454;0.008956308792614824
09:13.2;0.001423899675696256;-0.2712903205588723;-1.1480456233134837;1.307;0.00044347877282274755
09:13.2;-0.026537992502011012;-0.24444572245856;-1.033019893095686;0.961;0.006701302056971963
09:13.2;-0.059049235026583345;-0.21510235270359057;-0.9197792547873607;0.961;0.01168269520532186
09:13.2;-0.09461558055050484;-0.18325619165276566;-0.8106374141626956;0.8340000000000001;0.014055553734452874
09:13.2;-0.13123194658422513;-0.14917682530880594;-0.7080919103573892;0.7140000000000001;0.013862149048218236
09:13.2;-0.16655363973294546;-0.11349860282514773;-0.6146059571930901;0.611;0.011618268494421822
09:13.2;-0.198114650476493;-0.07729473810926173;-0.5324062604027935;0.532;0.008152854207803347
09:13.2;-0.22357660891561884;-0.04210150819322199;-0.4633145056197551;0.47200000000000003;0.0043611388699082805
09:13.3;-0.24097872640574833;-0.009869759160306198;-0.4086379293571672;0.485;0.0009719052653459642
09:13.3;-0.24895258277307875;0.01716161439281;-0.36913929550158203;0.534;0.0015771211460342029
09:13.3;-0.2468667453650299;0.036656044066351985;-0.3450866011734951;0.532;0.003122743280060644
09:13.3;-0.23487518486507994;0.04640624796712347;-0.336356036784772;0.479;0.0036661718452011636
09:13.3;-0.21386442990763765;0.04456850201914056;-0.34254490126264403;0.479;0.0032650068987358453
09:13.3;-0.18532121824349354;0.02987859320581949;-0.3630546125133441;0.46;0.002010283234090702
09:13.3;-0.1511552561292283;0.0018264083304833376;-0.39712262641803303;0.433;0.00010963412756404063
09:13.3;-0.11350503644806517;-0.03923362462215915;-0.44380480729459026;0.418;0.0019763577778841705
09:13.3;-0.07454617335588913;-0.09205650138227665;-0.5019279323800494;0.47200000000000003;0.0034444603139583197
09:13.3;-0.036323955370491726;-0.15457260602172054;-0.5700378799922554;0.66;0.0032005850966558627
09:13.4;-0.0006386397909115109;-0.22403200232822984;-0.6463573416359343;0.679;9.247806214932383e-05
09:13.4;0.030991136085755485;-0.29719939508135645;-0.7287502255813522;0.614;0.006712188129332145
09:13.4;0.05728730446634131;-0.37057570871379364;-0.8146995131918038;0.67;0.017295486894502544
09:13.4;0.07713752346492868;-0.44063368215274656;-0.9013415960452789;1.141;0.03063605192938821
09:13.4;0.08955923753671317;-0.504059532746467;-0.9856041173013402;1.141;0.04449331139505883
09:13.4;0.09376133769011495;-0.5579916385703931;-1.0644318617632775;1.4269999999999998;0.05568899133126845
09:13.4;0.08931298787218152;-0.600249822162422;-1.1350166848623766;1.449;0.06084836375105153
09:13.4;0.07636826517450847;-0.6295461529746358;-1.1949437701424799;1.547;0.05744972693979792
09:13.4;0.0558412391315142;-0.645637132293281;-1.2422229888787282;1.669;0.04478608590836968
09:13.4;0.02941460479646111;-0.6493297652015362;-1.275240105927531;1.355;0.024356803463141747
09:13.5;-0.0006664285030857465;-0.642259009819666;-1.2926941380110901;1.3019999999999998;0.0005532985707261893
09:13.5;-0.031941008916987486;-0.6264611972048375;-1.2935776579899676;1.245;0.025884233695483098
09:13.5;-0.062066068405467203;-0.6039063637630095;-1.2772302035701852;1.365;0.04787326214601184
09:13.5;-0.08901550749100753;-0.5761803943389041;-1.2434662797686091;1.469;0.06377612984758545
09:13.5;-0.11113589545511976;-0.544395255598423;-1.1927485827096656;1.402;0.07216350086320598
09:13.5;-0.12713453026414942;-0.5092734019657305;-1.126352486001244;1.402;0.07292708245291807
09:13.5;-0.1360770891300368;-0.471305667544647;-1.0464639057273954;1.369;0.06711381496821778
09:13.5;-0.13742286881547275;-0.4309064957434128;-0.9561646445863863;1.24;0.056620634596296515
09:13.5;-0.131080495189269;-0.3885307919283577;-0.8592727015586505;0.998;0.04376173495481705
09:13.5;-0.11744782558994014;-0.3447519627796392;-0.760027146122436;0.772;0.030773779137710747
09:13.6;-0.09740753735205601;-0.3003217786695754;-0.6626530657410278;0.494;0.019384990953330253
09:13.6;-0.07227586298033473;-0.2562258752337893;-0.5709022072798993;0.42100000000000004;0.010572507290858993
09:13.6;-0.04372578769809154;-0.2137195956694637;-0.4877056997971566;0.527;0.004557637889209458
09:13.6;-0.01370761030909419;-0.17430466380390336;-0.4150548880483431;0.426;0.000991690812726074
09:13.6;0.01563119212290675;-0.13961561783541857;-0.35413466993176834;0.426;0.0007728488232697381
09:13.6;0.04204404319531583;-0.11122636561819128;-0.30563013153095464;0.5379999999999999;0.001429250617703396
09:13.6;0.06331475957826102;-0.09042560314724428;-0.2700792717481943;0.575;0.001546278189790241
09:13.6;0.07741069636831814;-0.078018807278729;-0.24814998093807675;0.442;0.0014986993783213528
09:13.6;0.08263092287723649;-0.0742017554314131;-0.240752425665582;0.371;0.0014761396795736684
09:13.6;0.07771530722744097;-0.07852271461731321;-0.2489562953911236;0.302;0.0015192351020700604
09:13.7;0.06190042523372005;-0.08991515983427208;-0.2737479760616116;0.139;0.001523622824797227
09:13.7;0.034939899765581275;-0.10676514602980239;-0.3157080029735585;0.187;0.0011777056111837443
09:13.7;-0.002887970758755642;-0.12698738333694662;-0.3747098022914508;0.285;0.0001374195177747411
09:13.7;-0.05078859231177267;-0.1481065198516239;-0.44972542406579463;0.541;0.0033828893513760624
09:13.7;-0.10749231108095994;-0.16736073300654175;-0.538760857580951;0.541;0.009692303504366732
09:13.7;-0.17132857365971055;-0.18185409772887368;-0.6388775796523272;0.5479999999999999;0.01990538300410389
09:13.7;-0.24031934987479467;-0.1887742736798365;-0.7462559216792258;0.5760000000000001;0.03385472877120974
09:13.7;-0.31228441401466944;-0.18566595889564408;-0.85631711495254;0.747;0.049649767421341806
09:13.7;-0.3849569506360752;-0.17072468310311215;-0.9639707682624487;1.0859999999999999;0.0633537527249559
09:13.7;-0.45610227289000616;-0.1430625801861035;-1.064031891247304;1.401;0.06942932368078274
09:13.8;-0.5236269040137767;-0.10289490742895813;-1.1517654335985528;1.5830000000000002;0.06205544207614357
09:13.8;-0.585670793200514;-0.05160011631025363;-1.2234312992297076;1.6840000000000002;0.03697292707897485
09:13.8;-0.6406882845317513;0.008373130239517189;-1.2766777049571336;1.724;0.006848822382604321
09:13.8;-0.6875254679764818;0.07373768664316253;-1.310674812535245;1.567;0.06644667480607486
09:13.8;-0.7254803921616506;0.1406822965903917;-1.325967785530518;1.567;0.13533125256983047
09:13.8;-0.7543083851182628;0.20519926296686936;-1.324120359756793;1.364;0.20495201637840557
09:13.8;-0.7741441299139936;0.26338308189159093;-1.307274897759225;1.274;0.26654873274372415
09:13.8;-0.7853579144046506;0.31169953047674315;-1.2777576261062125;1.368;0.3127895637937487
09:13.8;-0.7884052339185751;0.34723840334849454;-1.2378215613516443;1.49;0.33887169319578075
09:13.8;-0.7837356305549198;0.36794044434019335;-1.1895531952756602;1.4980000000000002;0.3430291188195252
09:13.9;-0.7718062093698203;0.37276376367259706;-1.134894994966596;1.47;0.32651086463990475
09:13.9;-0.7532123937393043;0.3617539788467119;-1.0757048572062984;1.4;0.293105456664304
09:13.9;-0.7289040260176743;0.33600290479601547;-1.0138056912924651;1.365;0.24829507534273268
09:13.9;-0.7004087924264624;0.2975093598786065;-0.9510333810255993;1.318;0.1981745969623023
09:13.9;-0.669964674775766;0.2489789506000572;-0.8893171281972265;1.318;0.14834441261542394
09:13.9;-0.6404844418371693;0.19360473951104776;-0.8308034891350163;1.3219999999999998;0.10302031683832774
09:13.9;-0.6153250483878508;0.1348540015719304;-0.7779826439976861;1.248;0.06455625685860099
09:13.9;-0.5978930350860036;0.07626158617506062;-0.7337282854114956;1.068;0.03345527390243946
09:13.9;-0.5911687075291742;0.02121919746118899;-0.7011566314324691;0.853;0.008795396806446216
09:13.9;-0.5972554724922061;-0.02723992649009322;-0.6832636873967123;0.7440000000000001;0.011116150280435179
09:14.0;-0.6170416772285273;-0.06664160830491328;-0.6823925982157467;0.498;0.028060427031185886
09:14.0;-0.6500203778470642;-0.09522467227417006;-0.6996686349785287;0.608;0.0433080733917858
09:14.0;-0.6942827920368037;-0.11201876592789206;-0.7345780317479468;0.643;0.05713011804222804
09:14.0;-0.7466885129826846;-0.11683202981135657;-0.7848307482092749;1.218;0.06846638562649332
09:14.0;-0.8031939048430321;-0.11015672319761247;-0.8465370631954258;1.218;0.07489923637013347
09:14.0;-0.8592837274096105;-0.09301912917621633;-0.9146066181558958;1.266;0.07310434605404637
09:14.0;-0.910432110602779;-0.06680534145204135;-0.9832365514563063;1.484;0.059802146109757724
09:14.0;-0.9525316773854595;-0.033092389430680755;-1.0464059197137459;1.4769999999999999;0.03298433569513516
09:14.0;-0.9822474761188893;0.006486887701733745;-1.0983587703943474;1.565;0.006998444509790465
09:14.0;-0.9972637642935067;0.05032525773634071;-1.1340786457662604;1.785;0.05691663550785066
09:14.1;-0.9964091557998311;0.09687351099693595;-1.1497346155241963;1.755;0.11097888489869022
09:14.1;-0.9796668434237331;0.1446531002230183;-1.1430354328877252;1.829;0.16198166133730557
09:14.1;-0.9480893128165753;0.19227651164537057;-1.113402201922616;1.656;0.20296799487412182
09:14.1;-0.9036366569297418;0.23847469416165748;-1.0619006109970122;1.287;0.22883371508798808
09:14.1;-0.8489499845043135;0.2821074822386784;-0.9909599583476788;1.287;0.2373300966097656
09:14.1;-0.7870679958130115;0.3221415752033275;-0.9039909621971554;1.225;0.22920448935212406
09:14.1;-0.7210990453619956;0.35761037049212097;-0.805025487721524;0.917;0.20759393248498798
09:14.1;-0.6538731284449301;0.3875870723100456;-0.6984389081912402;1.109;0.17700730823764138
09:14.1;-0.5876160765333387;0.411199703663917;-0.5887447157364287;0.88;0.1422569470884427
09:14.1;-0.5237008809363084;0.4277112387168376;-0.48040988289427394;0.841;0.10760833199882848
09:14.2;-0.46253962794315934;0.4366606975835201;-0.3776542383611754;0.8270000000000001;0.07627591288111318
09:14.2;-0.4036783724441319;0.4379973778639089;-0.284258855892358;0.765;0.050259827819268986
09:14.2;-0.3461106155597869;0.4321218118969316;-0.20341488419535525;0.698;0.03042312598918047
09:14.2;-0.28874116793621935;0.41982124408782406;-0.13757839276344577;0.606;0.016677208242486283
09:14.2;-0.2308800614170004;0.4021545648154783;-0.08829614260911771;0.606;0.00819825009937348
09:14.2;-0.17265147424063157;0.3803357549857257;-0.056051405670969445;0.551;0.003680645193631484
09:14.2;-0.1152322046954075;0.35564217590211444;-0.04021709765260505;0.447;0.0016481542531650735
09:14.2;-0.060869614349186224;0.32936888190191105;-0.03916319771623065;0.32299999999999995;0.0007851655946664306
09:14.2;-0.012676011010894016;0.30284321654147034;-0.05051497454675848;0.336;0.00019391910429462873
09:14.2;0.025747114286989604;0.2774977813718573;-0.07151785585061235;0.555;0.0005109784229266028
09:14.3;0.05075643138429294;0.25497647330919815;-0.0994205841248958;0.593;0.0012866709631736504
09:14.3;0.059079341693810884;0.237221122977973;-0.1317683941521146;0.361;0.0018467166218099722
09:14.3;0.048121354948716534;0.22647834866491362;-0.16654539752146905;0.237;0.001815085855607593
09:14.3;0.01615635645517691;0.22519939325446622;-0.20219789930158044;0.505;0.0007356771746731031
09:14.3;-0.037560352275541255;0.23585356575922672;-0.2376137074755515;0.505;0.00210495877145262
09:14.3;-0.11269620096849736;0.26069213096375193;-0.27208138150509525;0.256;0.007993482384981546
09:14.3;-0.20773313964557297;0.30148957618803307;-0.30519814544741214;0.32799999999999996;0.019114369476520378
09:14.3;-0.31988521873494735;0.35928760526628345;-0.33672459269240823;0.436;0.03870002486459466
09:14.3;-0.44512431511461964;0.43417410766269826;-0.3664391274649885;0.5329999999999999;0.07081855795850722
09:14.3;-0.578370960435494;0.5251314283580975;-0.3940415580969376;0.718;0.11967860487543061
09:14.3;-0.7138403211579298;0.6299895599785323;-0.4191223372201562;0.996;0.18848432348490268
09:14.4;-0.8454841415546027;0.7455133092266104;-0.4412007316844707;1.2830000000000001;0.27809750412980083
09:14.4;-0.9674601908226462;0.8676163046155653;-0.4598262131477964;1.651;0.38597087444304
09:14.4;-1.0745776932559827;0.9916358143166855;-0.4747099860479654;1.726;0.5058460839141046
09:14.4;-1.1626883073152618;1.112574566403164;-0.48582027085161256;1.726;0.6284461419638752
09:14.4;-1.229002462870123;1.2252676536970064;-0.49336225785334653;1.844;0.7429329917971284
09:14.4;-1.2723093692492897;1.3245250771737593;-0.49759450097374713;1.9769999999999999;0.838549072159525
09:14.4;-1.2930684713011793;1.4053365930577657;-0.49851039912419126;2.14;0.9058913226157931
09:14.4;-1.2933272216174618;1.4631775985277256;-0.4954981944688786;2.116;0.9376646390080544
09:14.4;-1.276431902464002;1.4943822361925718;-0.4871300968046475;2.03;0.929189533969627
09:14.4;-1.2465558619278077;1.4965084674535882;-0.4711974118724841;2.036;0.8790100087678553
09:14.5;-1.2081415166368341;1.4686175444436584;-0.44502394259748373;2.0709999999999997;0.7896050145378132
09:14.5;-1.165375202669203;1.4114103113690282;-0.40599602045436217;1.94;0.6677914208838862
09:14.5;-1.1217683264847442;1.327200296911663;-0.35218608405903645;1.567;0.5243386061454327
09:14.5;-1.0798603559670144;1.2197616948866936;-0.28293969263856505;1.567;0.37268032515813276
09:14.5;-1.0410463342985157;1.0941355371687145;-0.19932997334168645;1.567;0.2270459669945749
09:14.5;-1.0055453184509484;0.9564565475180413;-0.1044178914603636;1.567;0.10042499344009119
09:14.5;-0.9725199951071455;0.8137860395313882;-0.0032647151626356216;1.328;0.002583771305376545
09:14.5;-0.9403387102613995;0.6738761006424538;0.0973532724487654;1.18;0.06169002176796734
09:14.5;-0.9069677868120902;0.5447919343629924;0.18954039340317094;1.12;0.09365356401248463
09:14.5;-0.8704814816072484;0.4343604037424189;0.26513738467434006;1.167;0.10024915778195487
09:14.6;-0.8296372486002399;0.34945676225172223;0.31675656887733245;1.883;0.09183480779399449
09:14.6;-0.7843685593052283;0.2951973388773449;0.3389246329571005;2.633;0.0784757996168633
09:14.6;-0.7359803674154658;0.27420885489101093;0.32918470696699625;1.4240000000000002;0.06643353395481799
09:14.6;-0.6869265643666461;0.2862355415230909;0.28880829823193105;1.4240000000000002;0.056786295435052044
09:14.6;-0.6402560419774747;0.3282730017450956;0.22271931787288252;0.726;0.046810872906119294
09:14.6;-0.598936015119425;0.3951804793829941;0.1385465598658056;0.9;0.032792283441297226
09:14.6;-0.5652580130820823;0.48052032478902357;0.045146973811209856;0.882;0.012262729108978418
09:14.6;-0.5404848986632879;0.5773538533873548;-0.0488834742745432;1.11;0.015254138934413098
09:14.6;-0.5247982918314387;0.6788538818550164;-0.13632436309732385;0.9079999999999999;0.048567102671097075
09:14.8;-0.5174696224985602;0.7787436512376734;-0.2119290904157465;1.238;0.08540237597095433
09:14.8;-0.5171175072590213;0.8716259124350912;-0.2725555385521091;1.238;0.12284978076423782
09:14.8;-0.5219581554712261;0.9532194706383755;-0.31697204415935337;1.238;0.1577064853313401
09:14.8;-0.5300172740157566;1.0204681227321246;-0.34549635510818966;1.238;0.1868671392267436
09:14.8;-0.5392992302858488;1.0715025747765776;-0.3595850666774181;1.238;0.207790011394482
09:14.8;-0.5479164107047354;1.1054881409846893;-0.36143935008087597;1.238;0.2189292700125402
09:14.8;-0.5541851926429504;1.1224163710331554;-0.3536599943062584;1.238;0.21998590005072755
09:14.8;-0.5566964953961745;1.1228914952345663;-0.33896759804934185;1.238;0.21189195390075594
09:14.8;-0.5543683540007803;1.10794597724416;-0.3199917029055138;1.238;0.19654216391256
09:14.8;-0.5464857916413768;1.0789027002589282;-0.2991230297009203;1.238;0.1763644328066012
09:14.8;-0.5327297155866252;1.0372850229772546;-0.2784159383707414;1.238;0.15385057481300105
09:14.8;-0.5131919481731603;0.9847605908299388;-0.25952373260683714;1.238;0.13115582175705878
09:14.8;-0.48836771633853754;0.9230922658015779;-0.24364887972706156;1.148;0.10983897669374808
09:14.8;-0.4591106488933256;0.85406772666989;-0.2314995659971406;0.9209999999999999;0.09077366248849485
09:14.8;-0.4265359445791964;0.7793993604050914;-0.22326736495032987;0.746;0.07422341415072146
09:14.8;-0.39187548482120943;0.7006200318022868;-0.21866292301613202;0.857;0.06003517695981435
09:14.8;-0.3563168954664131;0.6190129402258595;-0.2170374159434636;0.68;0.04787080753684603
09:14.8;-0.3208707027634147;0.5355920753701833;-0.21757292735918904;0.595;0.03739117071209892
09:14.8;-0.28629576934837725;0.45113196937811;-0.2194832524296052;0.5760000000000001;0.028347836679172872
09:14.8;-0.25309123273196493;0.3662522417271447;-0.2221622987711211;0.5379999999999999;0.02059338568174106
09:14.8;-0.2215477599004476;0.2815604770802964;-0.2252438125438371;0.518;0.014050504724409376
09:14.9;-0.19183814478248287;0.19782770448815154;-0.22857181224595272;0.488;0.008674505947212686
09:14.9;-0.1641153119721611;0.1161386046374268;-0.23211280603297862;0.45;0.004424098709944379
09:41.6;-0.13858239191253396;0.03794569919835395;-0.235857493826167;0.37;0.0012402815750313073
09:41.6;-0.11550870584942297;-0.03502662781734261;-0.23975407544575061;0.385;0.0009700163265220769
09:41.6;-0.09518762999496368;-0.10102326504171079;-0.24369123031211973;0.385;0.0023433751220570576
09:41.6;-0.07786196513079598;-0.15855764229452565;-0.2475197651399673;0.385;0.0030557823925525334
09:41.6;-0.0636572953011;-0.20664982846785568;-0.2510869499786302;0.385;0.0033029908647265733
09:41.6;-0.05254915111930742;-0.24493615024581322;-0.25426401848384883;0.385;0.0032726796717749175
09:41.6;-0.044364732141298435;-0.27365720628482987;-0.25696135495252326;0.385;0.003119698085392881
09:41.6;-0.03880781813777133;-0.2935644578672445;-0.2591333777441697;0.385;0.0029522019067570646
09:41.6;-0.035495520189322095;-0.30578424234629176;-0.2607762619860782;0.385;0.0028304579193121388
09:41.6;-0.033998385168133916;-0.31166877069333104;-0.2619211917830881;0.385;0.002775378476279289
09:41.6;-0.03387795677159979;-0.3126550472292867;-0.26262533220847883;0.385;0.0027817575038567143
09:41.6;-0.03471812830355298;-0.31014505542286647;-0.2629622028454873;0.385;0.002831486495719366
09:41.6;-0.0361484483085302;-0.3054142212387631;-0.2630126511257812;0.385;0.00290372547133747
09:41.6;-0.03785894649911125;-0.2995501955033966;-0.26285719087603254;0.385;0.002980972670089223
09:41.6;-0.039607050924999415;-0.2934203742269869;-0.26257010623245075;0.385;0.003051462613097078
09:41.6;-0.041217807906490635;-0.28766419520226305;-0.26221543178456097;0.385;0.0031090588857705477
09:41.6;-0.042578949128601946;-0.2827049421027124;-0.26184470740949495;0.385;0.0031518978889346723
09:41.6;-0.043632438548004214;-0.2787753497240777;-0.26149626584404184;0.385;0.0031807486135523636
09:41.6;-0.04436403983176802;-0.27595152033832193;-0.26119573357645776;0.385;0.0031976428605283895
09:41.6;-0.044792233572674645;-0.27419032347191646;-0.26095739964655945;0.385;0.0032049736198423197
09:41.6;-0.044957535762795514;-0.27336637368657585;-0.260786119991864;0.385;0.0032050297347568095
09:41.6;-0.044912968661907436;-0.27330570769468004;-0.26067946489214394;0.385;0.003199832789683441
09:41.6;-0.04471614557203175;-0.27381429279427305;-0.2606298728035847;0.385;0.0031911312539121845
09:41.6;-0.04442317520527709;-0.27470040774569815;-0.26062663610100817;0.385;0.0031804436096443114
09:41.6;-0.04408438311911251;-0.2757906920097928;-0.26065760561809376;0.385;0.003169091467306717
09:41.6;-0.04374169306899927;-0.2769402349493132;-0.26071055609062704;0.385;0.0031582045955248924
09:41.6;-0.04342740992042086;-0.27803747080750935;-0.26077420028534076;0.385;0.00314870431716014
09:41.6;-0.043164093366516325;-0.27900487212931857;-0.2608388740321615;0.385;0.003141280564630931
09:41.6;-0.042965200677274835;-0.27979651863227684;-0.26089693723407265;0.385;0.0031363760718105386
09:41.6;-0.04283619816783138;-0.28039359088745014;-0.26094294790902334;0.385;0.00313418455332419
09:41.6;-0.042775885757800176;-0.28079873055243004;-0.2609736688492319;0.385;0.003134662889007016
09:41.6;-0.04277773806800549;-0.2810300516494417;-0.26098796143832476;0.385;0.0031375528884589783
09:41.6;-0.042831131064601846;-0.2811154069939456;-0.2609866106390401;0.385;0.0031424068950847385
09:41.6;-0.042922388603129746;-0.28108733173690137;-0.2609721112937534;0.385;0.0031486127820248046
09:41.6;-0.04303564289188888;-0.2809789178780793;-0.26094843073233187;0.385;0.003155416703383851
09:41.6;-0.04315355261897998;-0.2808207298590576;-0.260920748168052;0.385;0.003161945162822914
09:41.6;-0.04325795905525785;-0.2806387573617213;-0.2608951591893602;0.385;0.0031672306746955577
09:41.6;-0.04333058154104431;-0.2804533185510703;-0.26087832529091093;0.385;0.003170246990195309
09:41.6;-0.04335385785603087;-0.28027877342651547;-0.26087704502795533;0.385;0.003169960306645584
09:41.6;-0.04331202126411707;-0.2801238787716433;-0.26089772590732235;0.385;0.0031654020297244624
09:41.6;-0.043192474501978995;-0.27999260829709255;-0.2609457450587825;0.385;0.0031557665720699677
09:41.6;-0.04298747254117016;-0.27988526841968325;-0.26102470212745427;0.385;0.0031405344410526336
09:41.6;-0.042696062628381395;-0.27979975640599086;-0.2611355892146676;0.385;0.0031196166038141016
09:41.6;-0.04232615532130639;-0.27973282872479777;-0.26127592895269464;0.385;0.003093510958978543
09:41.6;-0.041896519071502845;-0.2796812698069934;-0.26143896107427866;0.385;0.0030634559035386923
09:41.6;-0.04143841030700908;-0.27964287258147025;-0.26161298747786127;0.385;0.003031559812372782
09:41.6;-0.04099647981791422;-0.2796171609173462;-0.26178101233089135;0.385;0.0030008793295315944
09:41.6;-0.04062854522793203;-0.2796058003456116;-0.26192083299459623;0.385;0.002975414613844408
09:41.6;-0.04040380050318983;-0.2796126579834707;-0.26200574473248667;0.385;0.0029599873820701852
09:41.6;-0.04039905947581323;-0.2796434869575905;-0.2620060122721783;0.385;0.002959969394391422
09:41.6;-0.04069271336787467;-0.2797052267188759;-0.26189122952848953;0.385;0.0029808367083540596
09:41.6;-0.041356232310711206;-0.27980493040408244;-0.2616336311916873;0.385;0.0030275400565396866
09:41.6;-0.042443263860273715;-0.2799483554467495;-0.26121233403845256;0.385;0.003103704556926574
09:41.6;-0.043976677285943636;-0.2801382848922851;-0.260618371761902;0.385;0.003210701309464781
09:41.6;-0.04593426220074767;-0.28037268419518163;-0.25986024819175496;0.385;0.003346665397990378
09:41.6;-0.04823419441006444;-0.2806428401642108;-0.2589695775146046;0.385;0.0035055627434314785
09:41.6;-0.050721798644544326;-0.28093167205220626;-0.2580062189104274;0.385;0.0036764234187900884
09:41.6;-0.05315952146843064;-0.28121244468803597;-0.2570621645808796;0.385;0.0038428528862965317
09:41.6;-0.05522231894272392;-0.28144814340997326;-0.2562633273953755;0.385;0.003982900792237913
09:41.6;-0.05650079145794681;-0.2815917822382345;-0.25576832489312973;0.385;0.004069314604829842
09:41.6;-0.05651428292682468;-0.281587900969528;-0.2557634010171949;0.385;0.004070151831570233
09:41.6;-0.05473572069754059;-0.2813754540065769;-0.25645279772346574;0.385;0.003949703463245117
09:41.6;-0.05062912835348639;-0.2808921945673361;-0.25804421565178964;0.385;0.0036697311640798615
09:41.6;-0.043699432749831506;-0.28008050492607517;-0.2607295108935385;0.385;0.003191162135143239
09:41.6;-0.03355237165936575;-0.27889441198270554;-0.2646614780991031;0.385;0.002476588033575803
09:41.6;-0.0199599892363061;-0.2773072575797921;-0.2699284687575545;0.385;0.0014940675376447377
09:41.6;-0.0029244316971185837;-0.275319170112513;-0.2765296686456759;0.385;0.00022264844560734617
09:41.6;0.017270369277629892;-0.2729631203052667;-0.284355069283163;0.385;0.001340499242206992
09:41.6;0.040032846752969205;-0.2703079588546158;-0.29317545036522125;0.385;0.0031725093312119654
09:41.6;0.06448077379803685;-0.26745645287916986;-0.3026489572862849;0.385;0.005219423096700087
09:41.6;0.08951723337690731;-0.2645364346132461;-0.3123505393917797;0.47700000000000004;0.00739663873575686
09:41.6;0.11396519394804892;-0.26168510806591283;-0.3218240981765421;0.47700000000000004;0.009597758179241305
09:41.6;0.1367277545925865;-0.259030356853869;-0.33064458259832313;0.47700000000000004;0.011710319840333857
09:41.6;0.15692271862881074;-0.25667504382022444;-0.33847013680691346;0.47700000000000004;0.013632949478786894
09:41.6;0.17395855957882186;-0.2546881458665163;-0.345071537509336;0.47700000000000004;0.015288457616317579
09:41.6;0.1875513906698217;-0.25310277020395033;-0.35033877029301264;0.47700000000000004;0.016630503137053033
09:41.6;0.19769910764787121;-0.251919166296893;-0.354271010696494;0.47700000000000004;0.017644182278613404
09:41.6;0.2046296966603417;-0.25111075173956793;-0.3569565943396109;0.47700000000000004;0.018342113565939275
09:41.6;0.2087374290230868;-0.25063155164883155;-0.35854829332089305;0.47700000000000004;0.01875787910412804
09:41.6;0.21051735605213223;-0.2504238370127637;-0.3592379339828484;0.47700000000000004;0.018938508035585132
09:41.6;0.21050539246851568;-0.2504251118418361;-0.35923318031649987;0.47700000000000004;0.0189372775817818
09:41.6;0.2092285023011428;-0.25057392255365674;-0.3587382320988935;0.47700000000000004;0.018807643385038406
09:41.6;0.20716718224600916;-0.25081423347608045;-0.3579392882260034;0.47700000000000004;0.018598696517084658
09:41.6;0.2047306225920949;-0.251098324019403;-0.35699492241589964;0.47700000000000004;0.018352222260384715
09:41.6;0.20224361502607904;-0.25138831595317324;-0.3560310104908042;0.47700000000000004;0.018101215344058626
09:41.6;0.19994343229060593;-0.251656537709487;-0.35513952124106435;0.47700000000000004;0.01786958082766115
09:41.6;0.19798446349257198;-0.251884984104047;-0.3543803119056045;0.47700000000000004;0.0176727028512703
09:41.6;0.19644827304116383;-0.2520641433912936;-0.3537850244317475;0.47700000000000004;0.017518573178528975
09:41.6;0.1953568781722871;-0.2521914487797219;-0.35336222791346356;0.47700000000000004;0.01740921495342527
09:41.6;0.19468733018079826;-0.252269577712104;-0.3531030651091313;0.47700000000000004;0.01734219467930275
09:41.6;0.19438606675167386;-0.252304777652912;-0.3529868091667076;0.47700000000000004;0.017312073334500296
09:41.6;0.194381918054107;-0.2523053487146616;-0.3529858977347262;0.47700000000000004;0.01731169833349499
09:41.6;0.1945970520134248;-0.25228036650548;-0.3530701678679426;0.47700000000000004;0.01733327926003569
09:41.6;0.1949555025311177;-0.2522386868087754;-0.35321015418812596;0.47700000000000004;0.01736922233988048
09:41.6;0.19538921910011461;-0.25218823936041557;-0.3533794271481193;0.47700000000000004;0.017412722914467948
09:41.6;0.1958417987540026;-0.252135592059861;-0.35355603465525387;0.47700000000000004;0.017458133082946373
09:41.6;0.19627021164441347;-0.2520857494312987;-0.35372316873229626;0.47700000000000004;0.017501134121846156
09:41.6;0.19664491602990558;-0.25204213930497715;-0.3538692117291512;0.47700000000000004;0.017538750849541082
09:41.6;0.19694878734586113;-0.252006738317391;-0.3539873277892243;0.47700000000000004;0.017569248263660214
09:41.6;0.19717527160448134;-0.25198028849416176;-0.35407475954989;0.47700000000000004;0.017591950139821098
09:41.6;0.19732612837292968;-0.2519625623939472;-0.3541319723151646;0.47700000000000004;0.017607015618708925
09:41.6;0.19740906494517274;-0.25195264165930364;-0.35416176278491446;0.47700000000000004;0.01761520404634569
09:41.6;0.19743549141578756;-0.2519491821319579;-0.3541684208590011;0.47700000000000004;0.01761765142592102
09:41.6;0.19741855448528012;-0.2519506469776748;-0.35415700428036007;0.47700000000000004;0.017615674665809992
09:41.6;0.19737154206344082;-0.2519554968231681;-0.3541327593283695;0.47700000000000004;0.017610613076584306
09:41.6;0.19730669502973358;-0.2519623322812913;-0.3541006980120772;0.47700000000000004;0.01760371077563609
09:41.6;0.1972344188826359;-0.2519699892050281;-0.3540653241240577;0.47700000000000004;0.017596039079517217
09:41.6;0.1971628569061407;-0.2519775905278778;-0.35403048740550336;0.47700000000000004;0.01758845468843707
09:41.6;0.19709776714057606;-0.2519845607243762;-0.353999336815239;0.47700000000000004;0.017581587435061132
09:41.6;0.1970426362824352;-0.2519906099648947;-0.3539743400717406;0.47700000000000004;0.017575850423788585
09:41.6;0.19699896259693095;-0.25199569520543513;-0.3539573366614937;0.47700000000000004;0.01757146531772125
09:41.6;0.19696664477695497;-0.25199996502760946;-0.3539495947213562;0.47700000000000004;0.017568496113147578
09:41.6;0.19694442225722048;-0.2520036942974487;-0.35395184794468093;0.47700000000000004;0.017566885759683758
09:41.6;0.1969303228655353;-0.25200721388100555;-0.3539642963001109;0.47700000000000004;0.017566491247596
09:41.6;0.19692208428925675;-0.25201083992563167;-0.3539865632972458;0.47700000000000004;0.017567114134493765
09:41.6;0.196917525490356;-0.252014806712025;-0.3540176122191019;0.47700000000000004;0.017568524798442616
09:41.6;0.1969148521802001;-0.2520192068598178;-0.3540556335971205;0.47700000000000004;0.017570479893305926
09:41.6;0.19691288643559396;-0.2520239427163926;-0.3540979256187887;0.47700000000000004;0.01757273348333036
09:41.6;0.19691121453408822;-0.2520286929976503;-0.354140797443661;0.47700000000000004;0.01757504311020626
09:41.6;0.19691024944307664;-0.25203289904600357;-0.35417953177620254;0.47700000000000004;0.01757717257876753
09:41.6;0.196911205674979;-0.2520357752443033;-0.35420844662041445;0.47700000000000004;0.01757889353350943
09:41.6;0.19691598512750375;-0.2520363479636886;-0.3542210959679895;0.47700000000000004;0.01757998794425174
09:41.6;0.1969269738325978;-0.2520335267069239;-0.35421064428684895;0.47700000000000004;0.01758025343975262
09:41.6;0.19694675198284073;-0.25202620962883854;-0.35417043921001523;0.47700000000000004;0.017579513040828762
09:41.6;0.19697772381716583;-0.25201342320617315;-0.3540947901336933;0.47700000000000004;0.01757763026789689
09:41.6;0.19702168035310724;-0.2519944923979819;-0.35397993727164206;0.47700000000000004;0.017574529847592574
09:41.6;0.1970793166869373;-0.2519692331985011;-0.3538251664171113;0.47700000000000004;0.017570223331106784
09:41.6;0.19714973641906433;-0.2519381541889864;-0.3536339903442648;0.47700000000000004;0.017564837873572246
09:41.6;0.19722998804798866;-0.2519026478609638;-0.35341528049276616;0.47700000000000004;0.017558645227574606
09:41.6;0.1973146907972878;-0.2518651466124656;-0.35318419544254065;0.47700000000000004;0.017552086719294542
09:41.6;0.1973958187152134;-0.2518292131019972;-0.35296271992656125;0.47700000000000004;0.017545788701220012
09:41.6;0.19746272000912207;-0.25179953094748897;-0.35277960500166283;0.47700000000000004;0.017540561893921565
09:41.6;0.19750245111424297;-0.251781760579541;-0.35266949255343294;0.47700000000000004;0.017537377431731935
09:41.6;0.1975004994544392;-0.2517822274660484;-0.3526710219926331;0.47700000000000004;0.017537312707010463
09:41.6;0.19744195281613428;-0.25180741694963227;-0.35282376002827726;0.47700000000000004;0.017541461708021407
09:41.6;0.19731314470149425;-0.25186326244139123;-0.353163870965013;0.47700000000000004;0.017550807838913232
09:41.6;0.19710376270108387;-0.25195423222207697;-0.3537185582313205;0.47700000000000004;0.017566062313126022
09:41.6;0.19680935077843156;-0.25208224462332685;-0.35449945780422504;0.47700000000000004;0.017587477761067973
09:41.6;0.19643406798804638;-0.252245471191471;-0.3554953465154927;0.47700000000000004;0.017614653657088402
09:41.6;0.1959934892286806;-0.2524371209700118;-0.35666473309056845;0.47700000000000004;0.017646355801072804
09:41.6;0.19551715426162086;-0.2526443336193457;-0.357929110976273;0.47700000000000004;0.01768037415598471
09:41.6;0.19505049812039163;-0.2528473409304211;-0.35916784641243843;0.47700000000000004;0.017713439776419898
09:41.6;0.19465574053260007;-0.25301908045756;-0.36021582275384784;0.47700000000000004;0.017741211550622957
09:41.6;0.19441128769655908;-0.2531254555704984;-0.3608650266215661;0.47700000000000004;0.01775832882149288
09:41.6;0.19440922197080968;-0.25312642657221907;-0.36087120259552724;0.47700000000000004;0.017758512171052104
09:41.6;0.19475053957870764;-0.2529780807657797;-0.3599664788865703;0.47700000000000004;0.01773469087765737
09:41.6;0.19553795822360992;-0.2526357589960344;-0.3578784372044499;0.47700000000000004;0.017679152027259643
09:41.6;0.19686636769450502;-0.2520582069649227;-0.35435543369554307;0.47700000000000004;0.01758374866702518
09:41.6;0.19881134432928904;-0.251212568388719;-0.34919705525661315;0.47700000000000004;0.01744026575308005
09:41.6;0.20141659461242764;-0.2500798438259901;-0.3422874167075703;0.47700000000000004;0.017241096085243372
09:41.6;0.20468172492379097;-0.24866020779731754;-0.333627593883651;0.47700000000000004;0.016980376827849607
09:41.6;0.20855233330239695;-0.24697731643590679;-0.3233618993310957;0.47700000000000004;0.016655626284387232
09:41.6;0.21291505320425816;-0.24508046219525476;-0.31179102540541936;0.47700000000000004;0.01626966715994153
09:41.6;0.21760080594159742;-0.2430431596509116;-0.29936341736225436;0.47700000000000004;0.015832249669585418
09:41.6;0.2223993609239106;-0.24095681493630072;-0.2866366568830097;0.408;0.015360469090057909
09:41.6;0.2270851290790731;-0.23891951123874558;-0.27420905377594856;0.408;0.014877230872309752
09:41.6;0.23144787659463983;-0.23702265505960232;-0.2626381884865608;0.408;0.014407908230241228
09:41.6;0.2353185185186127;-0.2353397616838075;-0.2523725038771586;0.408;0.01397633981685675
09:41.6;0.23858367937299552;-0.23392012456184794;-0.24371268891363757;0.408;0.013601489160385595
09:41.6;0.24118894618155506;-0.2327874010288705;-0.23680305200694732;0.408;0.0132954844690487
09:41.6;0.24313391305950063;-0.23194176689960075;-0.23164466445904067;0.408;0.013063116573106662
09:41.6;0.24446227407501636;-0.23136422397588996;-0.22812163660815535;0.408;0.012902519693056124
09:41.6;0.24524959436945218;-0.2310219169950576;-0.2260335514708312;0.408;0.01280661606425799
09:41.6;0.24559075538090225;-0.23087359226355292;-0.2251287625522478;0.408;0.012764895373122006
09:41.6;0.24558847113082663;-0.23087459060693005;-0.22513485085789264;0.408;0.012765177051490613
09:41.6;0.24534374074510776;-0.23098099848024634;-0.22578394654372522;0.408;0.012795118045379235
09:41.6;0.24494865791610226;-0.23115277432851408;-0.22683179944491677;0.408;0.01284334392896366
09:41.6;0.24448165016730097;-0.23135581852282902;-0.22807040526991257;0.408;0.012900175802364291
09:41.6;0.24400496954460005;-0.2315630644297375;-0.22933466057112475;0.408;0.012957990484596608
09:41.6;0.24356409452409747;-0.23175473853146195;-0.2305039488126717;0.408;0.013011287065354713
09:41.6;0.2431886183638113;-0.23191797427766006;-0.23149978412606356;0.408;0.013056544242171262
09:41.6;0.24289417692544638;-0.23204597399839502;-0.2322806982220159;0.408;0.013091947766324222
09:41.6;0.24268499332766527;-0.23213690262348619;-0.23283549138086074;0.408;0.013117053459741217
09:41.6;0.2425566724072476;-0.23219267276923472;-0.23317582093985553;0.408;0.013132434735567458
09:41.6;0.2424989512354525;-0.2322177488934201;-0.23332890636536377;0.408;0.013139348171244236
09:41.6;0.2424981915364025;-0.232218063608943;-0.233330918883725;0.408;0.013139438145427805
09:41.6;0.242539477056881;-0.232200105679825;-0.23322141888809836;0.408;0.013134492084352087
09:41.6;0.24260824763327155;-0.2321702093572893;-0.2330390221424172;0.408;0.01312625095834443
09:41.6;0.24269145819492688;-0.232134050156093;-0.2328183259714755;0.408;0.01311627465220842
09:41.6;0.24277829360250305;-0.23209633363196105;-0.2325880134849725;0.408;0.013105858180217972
09:41.6;0.24286049905259904;-0.23206065119670116;-0.23236997741200419;0.408;0.013095992132178366
09:41.6;0.24293240198604135;-0.23202946997668392;-0.23217926213923437;0.408;0.013087359096148053
09:41.6;0.24299070698107475;-0.23200422132812273;-0.2320246078399748;0.408;0.013080357048816245
09:41.6;0.2430341423486272;-0.23198545384445143;-0.2319093879093541;0.408;0.013075140763856956
09:41.6;0.24306302851107914;-0.23197302046616175;-0.23183275382121393;0.408;0.013071673034472497
09:41.6;0.24307882602626102;-0.23196627463485175;-0.2317908339283855;0.408;0.01306977875721502
09:41.6;0.24308370729777712;-0.2319642564559164;-0.23177786938068;0.408;0.013069196469839619
09:41.6;0.24308018218171976;-0.23196585585344362;-0.23178720701657576;0.408;0.013069623570650713
09:41.6;0.24307079502563275;-0.2319699452053728;-0.2318121027001546;0.408;0.013070752997112257
09:41.6;0.24305789991584392;-0.2319754786038664;-0.23184631711563694;0.408;0.013072300482742409
09:41.6;0.24304351245703731;-0.2319815585211623;-0.23188450845610883;0.408;0.013074022572001624
09:41.6;0.24302923035568863;-0.23198747323258695;-0.23192244250579727;0.408;0.01307572632954425
09:41.6;0.24301621129135792;-0.23199270991426196;-0.23195705067570727;0.408;0.01307727214670416
09:41.6;0.24300519474626467;-0.23199694902138362;-0.23198637138089728;0.408;0.01307857126302431
09:41.6;0.24299655424491629;-0.232000045533213;-0.2320094107488692;0.408;0.013079579635581668
09:41.6;0.24299036742051375;-0.23200200210984975;-0.23202595611186935;0.408;0.013080289658896974
09:41.6;0.24298649307413223;-0.23200293832870075;-0.23203637111816514;0.408;0.013080721015386293
09:41.6;0.24298464657036975;-0.23200305912531966;-0.23204139553962827;0.408;0.013080911665617513
09:41.6;0.2429844672260389;-0.23200262450003084;-0.23204196672947947;0.408;0.013080909705202795
09:41.6;0.2429855735746297;-0.2320019215857749;-0.23203907377949137;0.408;0.01308076654782871
09:41.6;0.2429876043781342;-0.2320012393909422;-0.23203365013560542;0.408;0.013080531659796552
09:41.6;0.24299024492375176;-0.23200084599087026;-0.23202650597818747;0.408;0.013080248880930016
09:41.6;0.24299323945450318;-0.2320009676725053;-0.23201829813860186;0.408;0.013079954223851348
09:41.6;0.24299639154941222;-0.23200176954217067;-0.23200953268066182;0.408;0.013079674947507171
09:41.6;0.2429995549273422;-0.2320033373667731;-0.2320005934272221;0.408;0.013079429646926915
09:41.6;0.24300261754936342;-0.23200566089305413;-0.2319917885281832;0.408;0.013079229082703921
09:41.6;0.2430054820904424;-0.23200861951686658;-0.2319834065135918;0.408;0.013079077482630892
09:41.6;0.2430080458879019;-0.23201197187600717;-0.2319757730443863;0.408;0.013078974076144072
09:41.6;0.2430101833833559;-0.23201535162076786;-0.23196929969434388;0.408;0.013078914662173964
09:41.6;0.24301173387112332;-0.23201827216769083;-0.23196451655066377;0.408;0.013078893056252774
09:41.6;0.24301249704593259;-0.23202014354680628;-0.23196208123893106;0.408;0.013078902308367663
09:41.6;0.24301223838686814;-0.23202030439148608;-0.2319627582356419;0.408;0.013078935625752483
09:41.6;0.24301070579329856;-0.23201807158063228;-0.2319673641301452;0.408;0.013078986972752046
09:41.6;0.24300765806928626;-0.23201280893216306;-0.2319766769444488;0.408;0.01307905135242404
09:41.6;0.24300290480951695;-0.23200401460568207;-0.2319913107964666;0.408;0.01307912480171184
09:41.6;0.24299635596311828;-0.23199142449295665;-0.23201156112596524;0.408;0.013079204153995857
09:41.6;0.24298807786128174;-0.2319751259185276;-0.23203723032822143;0.408;0.01307928663937174
09:41.6;0.2429783508487188;-0.23195567258671845;-0.2320674487712015;0.408;0.013079369403162277
09:41.6;0.24296772196365546;-0.23193418814285988;-0.23210051147207586;0.408;0.013079449025420969
09:41.6;0.2429570445251859;-0.23191244232102537;-0.23213375567745523;0.408;0.01307952111714019
09:41.6;0.24294749522253742;-0.2318928808899168;-0.23216350856272033;0.408;0.013079580052554617
09:41.7;0.2429405586174337;-0.23187858903726746;-0.23218513642698577;0.408;0.013079618874279083
09:41.7;0.24293796916054838;-0.23187316806870814;-0.23219322619746685;0.408;0.013079629386015097
09:41.7;0.24294160218806676;-0.23188050797208373;-0.23218192582660854;0.408;0.013079602436903029
09:41.7;0.2429533081837388;-0.23190444409356495;-0.23214546139594375;0.408;0.013079528413979804
09:41.7;0.24297468907985653;-0.23194829533118638;-0.23207883476359076;0.408;0.013079398001550528
09:41.7;0.24300682162751894;-0.23201429408024454;-0.2319786860953219;0.408;0.01307920333251251
09:41.7;0.24304994082451975;-0.23210293452075362;-0.23184428081428582;0.408;0.013078939719271411
09:41.7;0.24310310575848534;-0.23221228511917233;-0.23167855129576992;0.408;0.01307860815776354
09:41.7;0.24316388044440665;-0.2323373322689387;-0.2314890917648223;0.408;0.013078218674681329
09:41.7;0.24322807244761735;-0.23246944303768574;-0.23128897301392556;0.408;0.013077794265573236
09:41.7;0.24328958111081067;-0.23259605360017746;-0.23109721540855657;0.408;0.01307737462422104
09:41.7;0.24334041358184616;-0.2327007030948795;-0.23093873875850596;0.408;0.013077018164135965
09:41.7;0.24337092887754713;-0.2327635368654632;-0.23084360127269485;0.408;0.013076800202551864
09:41.7;0.24337036611703441;-0.2327623946274936;-0.23084535259831754;0.408;0.01307680500099257
09:41.7;0.24332770107666787;-0.23267457445186945;-0.230978363295557;0.408;0.013077110121062559
09:41.7;0.2432328539052765;-0.23247931958997756;-0.23127405954410055;0.408;0.013077763672990518
09:41.7;0.24307823930633768;-0.2321610102553453;-0.23175609018171023;0.408;0.013078758555746495
09:41.7;0.2428606087371705;-0.231712956511019;-0.23243458335663073;0.408;0.013080012045507594
09:41.7;0.24258308339975143;-0.2311415838741217;-0.23329980837550265;0.408;0.013081362448365134
09:41.7;0.24225721973541953;-0.2304706857647457;-0.23431573622917995;0.408;0.013082594450053097
09:41.7;0.24190489030180803;-0.22974529579290245;-0.23541417570310028;0.408;0.013083498425736282
09:41.7;0.24155970875383326;-0.2290346213732871;-0.23649033082067628;0.408;0.013083954413984047
09:41.7;0.24126768654368366;-0.22843339552118463;-0.23740075352580128;0.408;0.01308400942567526
09:41.7;0.24108679096689223;-0.22806096664618158;-0.23796472159093363;0.408;0.013083892114607882
09:41.7;0.24108509058952415;-0.22805747994125958;-0.23797002058317568;0.408;0.013083891148221762
09:41.7;0.2413372365917;-0.22857663264491834;-0.23718391386681412;0.408;0.01308402596492752
09:41.7;0.24191914817585347;-0.2297747317233459;-0.23536971170808169;0.408;0.013083474362620121
09:41.7;0.24290095588158245;-0.23179616484039148;-0.23230877161958244;0.408;0.013079799248158282
09:41.7;0.2443385137475982;-0.234755924817807;-0.22782696053677975;0.408;0.013068134809373114
09:41.7;0.24626411977487203;-0.2387205041560362;-0.22182358522691376;0.408;0.013040630328168143
09:41.7;0.2486774772029608;-0.24368928543978843;-0.21429957191222274;0.408;0.012986561927937925
09:41.7;0.2515383717642839;-0.2495794648125532;-0.20538029605160923;0.408;0.012893531036380143
09:41.7;0.254763008795854;-0.25621851071731866;-0.19532700193582336;0.408;0.012749969797345304
09:41.7;0.25822641732233587;-0.2633491138240658;-0.18452930754906166;0.408;0.012548675333679626
09:41.7;0.26177321177341667;-0.2706513443083925;-0.17347165320333877;0.429;0.01229034028491689
09:41.7;0.2652366561985359;-0.2777819030401433;-0.16267386583102345;0.429;0.011985475832968205
09:41.7;0.2684613649800857;-0.2844208602568071;-0.1526203858663711;0.429;0.011653484071638485
09:41.7;0.27132236670059945;-0.29031090718139746;-0.1437008324382975;0.429;0.011319004524469496
09:41.7;0.27373586520120674;-0.2952795141148722;-0.13617645371154358;0.429;0.011006951190331767
09:41.7;0.2756616427664342;-0.2992438814729378;-0.13017263407504487;0.429;0.010737948389303103
09:41.7;0.2770993962052975;-0.3022033997993942;-0.12569031640680578;0.429;0.010525354809910825
09:41.7;0.27808141308228107;-0.304224574503921;-0.12262883450626366;0.429;0.010374301243726953
09:41.7;0.2786635321459495;-0.3054224173136668;-0.12081409491342265;0.429;0.010282498443650196
09:41.7;0.2789158633094885;-0.30594134138863344;-0.12002750856798132;0.429;0.01024217456084618
09:41.7;0.2789142998948087;-0.3059376856784478;-0.12003245277316782;0.429;0.010242416657459718
09:41.7;0.27873346278832173;-0.3055651848511866;-0.12059626936210899;0.429;0.010271334051920726
09:41.7;0.27844138761651394;-0.304964024789766;-0.12150682922493523;0.429;0.010317704558569165
09:41.7;0.27809600889893443;-0.30425359438085126;-0.12258349503420396;0.429;0.010371999168227333
09:41.7;0.27774330936164193;-0.303528662100783;-0.12368289314463628;0.429;0.010426845755450222
09:41.7;0.27741688286872396;-0.30285845977239817;-0.12470027884663339;0.429;0.010477074245752394
09:41.7;0.27713859678687147;-0.3022880273625804;-0.12556747437594068;0.429;0.01051950051766519
09:41.7;0.2769200230222442;-0.30184113911679145;-0.12624841067052942;0.429;0.01055258137268891
09:41.7;0.2767643247731415;-0.3015241685902758;-0.12673324826091137;0.429;0.010576033146343124
09:41.7;0.2766683269645413;-0.30133033499973005;-0.12703192499998195;0.429;0.010590468616566349
09:41.7;0.27662455232266636;-0.3012438850261635;-0.1271678099225415;0.429;0.010597078609064697
09:41.7;0.27662306376325785;-0.3012438854791819;-0.12717195940712447;0.429;0.01059736738121222
09:41.7;0.27665301078753446;-0.3013074197688704;-0.12707829402096205;0.429;0.01059294221822515
09:41.7;0.27670382842230534;-0.3014120855860455;-0.12691985595541075;0.429;0.0105853543439997
09:41.7;0.2767660792055151;-0.3015377768995499;-0.12672617623835142;0.429;0.010575987307802149
09:41.7;0.27683196062744936;-0.3016677978233257;-0.12652168162971514;0.429;0.01056598858391585
09:41.7;0.27689552231496123;-0.301789399075714;-0.1263250032010987;0.429;0.010556239404874752
09:41.7;0.27695264998118807;-0.3018938514706951;-0.12614900929792114;0.429;0.010547356786833854
09:41.7;0.2770008781906242;-0.30197617815791994;-0.1260013704015663;0.429;0.010539720615234666
09:41.7;0.27703909300458135;-0.3020346618033282;-0.125885467039937;0.429;0.010533517911754392
09:41.7;0.2770671803001538;-0.302070228376874;-0.1258014689193074;0.429;0.01052879624012874
09:41.7;0.27708566757824243;-0.30208578930619145;-0.12574743887993142;0.429;0.010525518681343783
09:41.7;0.27709539771576125;-0.3020856016608301;-0.12572034491284612;0.429;0.010523613815063289
09:41.7;0.27709726337728535;-0.30207468438584106;-0.1257168940961488;0.429;0.010523015499803667
09:41.7;0.2770920213527077;-0.3020583094215278;-0.12573413172323364;0.429;0.010523688758946003
09:41.7;0.27708019729276623;-0.30204157122645814;-0.12576977586752447;0.429;0.010525639609039784
09:41.7;0.27706208328277604;-0.30202902758696176;-0.1258222817217155;0.429;0.01052890813477668
09:41.7;0.2770378233562585;-0.3020243989613024;-0.12589065141022704;0.429;0.010533545508064271
09:41.7;0.27700757523982616;-0.30203031284416254;-0.12597402408051558;0.429;0.01053957699373472
09:41.7;0.27697173016803417;-0.302048083248997;-0.1260710984875281;0.429;0.01054695431937953
09:41.7;0.27693116641889826;-0.30207752258102666;-0.1261794563853454;0.429;0.010555502131950714
09:41.7;0.2768875063540795;-0.3021167928358777;-0.12629486984547972;0.429;0.010564864599956631
09:41.7;0.2768433414626988;-0.3021623139074464;-0.1264106886150779;0.429;0.010574459475301013
09:41.7;0.27680238569810234;-0.30220875733822944;-0.12651741367217975;0.429;0.010583447974109013
09:41.7;0.2767695149893764;-0.30224916247392325;-0.1266025684633742;0.429;0.010590729490123931
09:41.7;0.2767506511283485;-0.3022752169978459;-0.12665097761644056;0.429;0.010594970197038901
09:41.7;0.27675245232608064;-0.3022777435469698;-0.1266455515539216;0.429;0.010594673787833834
09:41.7;0.27678178165728207;-0.30224742702552665;-0.12656865169137324;0.429;0.010588300707016425
09:41.7;0.2768449392785072;-0.30217580212344675;-0.12640407243843393;0.429;0.010574439060278412
09:41.7;0.2769466652949528;-0.30205649672087664;-0.12613962153052735;0.429;0.010552025811906526
09:41.7;0.2770889474930876;-0.30188669437017673;-0.12577020920629942;0.429;0.01052061088977728
09:41.7;0.27726970111488947;-0.3016687389394367;-0.12530127129851623;0.429;0.010480649551490783
09:41.7;0.2774814247063598;-0.3014117590498804;-0.12475225584827272;0.429;0.01043380016996708
09:41.7;0.2777099739574982;-0.30113314283505943;-0.12415980479477134;0.429;0.010383196083354383
09:41.7;0.2779336302375161;-0.30085965001214326;-0.1235801722994762;0.429;0.010333652246593172
09:41.7;0.2781226668410916;-0.3006279150180512;-0.12309035324293618;0.429;0.010291761371079103
09:41.7;0.2782396273157655;-0.30048408008932953;-0.12278736616513922;0.429;0.010265831562983016
09:41.7;0.2782405193638925;-0.3004823096586775;-0.12278516323775854;0.429;0.01026561981121387
09:41.7;0.27807708715163454;-0.3006819866226549;-0.12320874532088985;0.429;0.010301824607589011
09:41.7;0.2777002472888173;-0.3011434856719818;-0.12418526122017089;0.429;0.010385317889627994
09:41.7;0.27706465346618314;-0.30192256609213597;-0.12583218195128168;0.429;0.010526122637288948
09:41.7;0.27613418830208714;-0.3030636304596785;-0.12824307207436778;0.429;0.010732179174336078
09:41.7;0.2748879683465943;-0.30459235647349336;-0.13147203101633612;0.429;0.011007991978190919
09:41.7;0.2733261938552358;-0.3065085212968851;-0.13551853626005336;0.429;0.011353310326332591
09:41.7;0.2714748885422684;-0.30878018935637946;-0.14031516230991695;0.429;0.011762068265602983
09:41.7;0.2693882712735168;-0.31134080684034476;-0.14572143501546375;0.429;0.012221884332520068
09:41.7;0.26714720196465075;-0.3140911141008627;-0.15152785729055096;0.429;0.012714484652741345
09:41.7;0.2648522193508933;-0.31690769478598224;-0.15747394688504304;0.455;0.013217372006718433
09:41.7;0.26261120621414685;-0.3196581177791116;-0.16328019404897862;0.455;0.013706687148122575
09:41.7;0.2605247011990905;-0.3222189665303369;-0.16868611681268988;0.455;0.014160524757908882
09:41.7;0.258673563498193;-0.32449097988005937;-0.17348222034114008;0.455;0.014561618432912442
09:41.7;0.25711200959377456;-0.32640759907630457;-0.17752803790956517;0.455;0.014898741224052024
09:41.7;0.2558660577557758;-0.32793687729456944;-0.1807561609891498;0.455;0.01516687277024774
09:41.7;0.2549358981285011;-0.3290785708319066;-0.18316609857820876;0.455;0.01536652586912932
09:41.7;0.25430063089062294;-0.32985832362858974;-0.18481200113543653;0.455;0.015502618321046636
09:41.7;0.2539241147114515;-0.33032048890195;-0.18578750787721723;0.455;0.01558317575402715
09:41.7;0.25376097100934847;-0.33052075944780474;-0.18621019042554188;0.455;0.015618057365329811
09:41.7;0.25376207593621375;-0.33051942662705014;-0.18620732371388501;0.455;0.01561782194908062
09:41.7;0.2538791263386005;-0.33037577589937994;-0.1859040561255647;0.455;0.015592798141150634
09:41.7;0.25406807850858776;-0.33014386586664785;-0.18541450011309488;0.455;0.015552386124239996
09:41.7;0.25429142489069184;-0.3298697336029584;-0.18483583354503721;0.455;0.015504592466387501
09:41.7;0.25451939406136925;-0.3295899215705243;-0.1842451907316929;0.455;0.015455781312903765
09:41.7;0.25473023669072214;-0.3293311264216607;-0.1836989215651339;0.455;0.015410611974795829
09:41.7;0.2549098006342826;-0.3291107203470624;-0.18323369243898083;0.455;0.015372124592052935
09:41.7;0.25505060891731834;-0.32893788259676265;-0.1828688751130185;0.455;0.01534193189892264
09:41.7;0.2551506427332568;-0.32881509308411766;-0.18260969984853684;0.455;0.015320475807332937
09:41.7;0.255212004978324;-0.3287397726291064;-0.18245071805707289;0.455;0.015307311736174133
09:41.7;0.2552396048018789;-0.32870589740818246;-0.18237921049695294;0.455;0.015301390221536966
09:41.7;0.2552399655835629;-0.32870546190460304;-0.18237827568288814;0.455;0.015301313147437788
09:41.7;0.255220221827263;-0.3287297099735676;-0.1824294288321562;0.455;0.015305549870898534
09:41.7;0.25518733760976886;-0.3287700939641849;-0.18251462678667368;0.455;0.015312605763645076
09:41.7;0.25514755220671115;-0.3288189550050339;-0.18261770434332977;0.455;0.015321141729352398
09:41.7;0.2551060381201111;-0.3288699426037247;-0.18272526027396144;0.455;0.015330047826336799
09:41.7;0.25506674294673076;-0.32891820863750515;-0.18282706703149465;0.455;0.015338477198709415
09:41.7;0.25503237878044327;-0.3289604203252322;-0.18291609820717716;0.455;0.015345848221419281
09:41.7;0.25500452019509023;-0.32899464002366524;-0.1829882746608796;0.455;0.015351823320920019
09:41.7;0.25498377318049226;-0.3290201180643839;-0.18304202681025106;0.455;0.0153562726120806
09:41.7;0.2549699815377002;-0.3290370397714503;-0.18307775985545355;0.455;0.015359229565379131
09:41.7;0.25496244308549293;-0.3290462606169154;-0.18309729357063884;0.455;0.015360844634069249
09:41.7;0.254960114639454;-0.32904905534557655;-0.1831033311703246;0.455;0.015361341336715519
09:41.7;0.2549617913363146;-0.32904689876614807;-0.18309899463103552;0.455;0.015360977867844504
09:41.7;0.2549662519307647;-0.32904128844931674;-0.18308744816396844;0.455;0.015360016013839765
09:41.7;0.25497236682678637;-0.32903361324021513;-0.18307161823296514;0.455;0.015358698055768224
09:41.7;0.2549791696325923;-0.32902506651633057;-0.1830540080810978;0.455;0.01535723148252696
09:41.7;0.25498589590343906;-0.32901659955855406;-0.1830365972825393;0.455;0.015355780724315779
09:41.7;0.25499199452541765;-0.32900890817634176;-0.18302081220410496;0.455;0.015354464733713699
09:41.7;0.25499711803618264;-0.32900244467029943;-0.1830075510788729;0.455;0.015353359060164239
09:41.7;0.2550010982589141;-0.32899744710730616;-0.1829972471868571;0.455;0.015352501045162562
09:41.7;0.2550039131432107;-0.3289939784856422;-0.18298995488724457;0.455;0.015351896868091174
09:41.7;0.2550056498556179;-0.32899196944767956;-0.1829854454487384;0.455;0.015351529355503386
09:41.7;0.2550064681174168;-0.32899125954679165;-0.18298330232705184;0.455;0.01535136569276274
09:41.7;0.2550065666927315;-0.328991633519302;-0.18298300836667536;0.455;0.015351364415458042
09:41.7;0.2550061548962824;-0.32899285041698023;-0.18298402007179512;0.455;0.015351481285194885
09:41.7;0.2550054300927124;-0.32899466472525735;-0.18298582640330655;0.455;0.015351673853762154
09:41.7;0.25500456144142347;-0.3289968396664177;-0.1829879914042338;0.455;0.015351904681613541
09:41.7;0.255003679617348;-0.32899915373371547;-0.18299018129654546;0.455;0.015352143297241756
09:41.7;0.2550028719015984;-0.32900140211128015;-0.18299217754914093;0.455;0.015352367064136549
09:41.7;0.25500218186246226;-0.3290033950096358;-0.18299387785392268;0.455;0.015352561165733495
09:41.7;0.25500161280188727;-0.32900495509928557;-0.1829952870570553;0.455;0.015352717932329682
09:41.7;0.25500113418506776;-0.3290059161696585;-0.18299649998303844;0.455;0.015352835724656183
09:41.7;0.2550006903596857;-0.3290061248922745;-0.18299767786987473;0.455;0.015352917564096274
09:41.7;0.2550002109683843;-0.3290054471387145;-0.18299901990647807;0.455;0.015352969666336504
09:41.7;0.25499962253071684;-0.32900377970940653;-0.1830007312145589;0.455;0.01535299999944461
09:41.7;0.2549988606950425;-0.32900106758469067;-0.1830029886099067;0.455;0.015353016953604927
09:41.7;0.2549978826226696;-0.3289973259384795;-0.18300590564790906;0.455;0.015353028181208771
09:41.7;0.254996678863315;-0.32899266519234566;-0.18300949880964765;0.455;0.01535303964447264
09:41.7;0.254995283921966;-0.32898731638614653;-0.183013657188919;0.455;0.015353054893698913
09:41.7;0.2549937845238121;-0.3289816531733791;-0.1830181186340876;0.455;0.015353074592020406
09:41.7;0.2549923243887685;-0.32897620591162313;-0.18302245588648183;0.455;0.015353096300404791
09:41.7;0.2549911041728643;-0.3289716627298337;-0.18302607671538426;0.455;0.01535311453764846
09:41.7;0.254990375170505;-0.3289688522528645;-0.18302824223340733;0.455;0.015353121131562706
09:41.7;0.25499042545324885;-0.32896870299786096;-0.1830281073290066;0.455;0.015353105877015185
09:41.7;0.25499155740007157;-0.3289721754726191;-0.18302478632212352;0.455;0.015353057511592898
09:41.7;0.25499405609661663;-0.32898016482712605;-0.18301744540289716;0.455;0.015352965008366781
09:41.7;0.25499814887737304;-0.32899337461686445;-0.1830054210635388;0.455;0.015352819165865745
09:41.7;0.25500395736277537;-0.329012165840597;-0.18298836055868645;0.455;0.01535261444650984
09:41.7;0.25501144467890163;-0.3290363898290096;-0.18296637650135028;0.455;0.01535235097532549
09:41.7;0.2550203620769749;-0.3290652185723068;-0.18294020320792975;0.455;0.015352036560265604
09:41.7;0.2550302007830837;-0.32909699132724224;-0.1829113376705653;0.455;0.015351688534670761
09:41.7;0.25504015644514877;-0.3291291013212536;-0.18288214352886983;0.455;0.01535133515471973
09:41.7;0.255049114794368;-0.32915795040027324;-0.18285589275149222;0.455;0.015351016217927239
09:41.7;0.25505566784923744;-0.32917900173722364;-0.18283671766281695;0.455;0.0153507825169257
09:41.7;0.2550581698793607;-0.32918696032628886;-0.18282944628940342;0.455;0.015350693727190263
09:41.7;0.2550548411236173;-0.3291761070063962;-0.18283929760435608;0.455;0.015350814375126904
09:41.7;0.2550439246560222;-0.329140803333651;-0.1828714208971994;0.455;0.01535120767177506
09:41.7;0.2550238976082548;-0.32907617110547516;-0.18293027579018523;0.455;0.015351927245853134
09:41.7;0.25499373209443726;-0.32897893142727225;-0.18301886663848305;0.455;0.015353007163801266
09:41.7;0.254953193704444;-0.32884836411588303;-0.1831378670035046;0.455;0.01535445104293819
09:41.7;0.25490315660954677;-0.328687319837333;-0.18328469577272347;0.455;0.015356221461496821
09:41.7;0.2548459046854347;-0.3285031863810294;-0.18345263476707857;0.455;0.015358231123628266
09:41.7;0.2547853784150269;-0.3283086794978665;-0.18363010594224766;0.455;0.015360337219236417
09:41.7;0.2547273187946217;-0.3281223013427487;-0.1838002513012545;0.455;0.01536234004800575
09:41.7;0.25467925341336706;-0.3279682902086913;-0.18394097633890566;0.455;0.015363986297251964
09:41.7;0.254650267902309;-0.3278758790473595;-0.1840256235561233;0.455;0.015364976605619836
09:41.7;0.25465050975451914;-0.3278776926991693;-0.1840244313321898;0.455;0.015364976646331564
09:41.7;0.25469038274515315;-0.32800715007886344;-0.18390690040996752;0.455;0.015363631489227442
09:41.7;0.2547794102032059;-0.3282948021802757;-0.18364513141202754;0.455;0.015360584930555964
09:41.7;0.2549247750473865;-0.3287636323619706;-0.18321810970473337;0.455;0.015355508862593886
09:41.7;0.2551295838105544;-0.329423471967605;-0.1826167985367179;0.455;0.015348151789004399
09:41.7;0.25539094971351717;-0.3302648382613095;-0.18184976102058129;0.455;0.01533841827277909
09:41.7;0.25569804364502696;-0.3312526746321693;-0.1809488737437461;0.455;0.01532648918717695
09:41.7;0.2560303174151205;-0.3323206513501765;-0.179974532058644;0.455;0.015312982214337063
09:41.7;0.2563561548045171;-0.3333668492850301;-0.17901959723400088;0.455;0.015299130000570232
09:41.7;0.2566322448495025;-0.33425177354674745;-0.17821122178859247;0.455;0.015286919931449094
09:41.7;0.25680398899166507;-0.3347996984486757;-0.17770963931482062;0.455;0.015279101255923827
09:41.7;0.2568072385532203;-0.3348042953480212;-0.1777030501157262;0.455;0.015278937844341508
09:41.7;0.25657160043646726;-0.33403930533751003;-0.17839790637936792;0.455;0.015289592419802364
09:41.7;0.2560254365829737;-0.3322746560487064;-0.18000423089583245;0.455;0.015313097423999313
09:41.7;0.2551025080826567;-0.3292978588178736;-0.1827161163166123;0.455;0.015349014306987025
09:41.7;0.2537499728364746;-0.3249397430415655;-0.18668826243793277;0.455;0.0153930914936544
09:41.7;0.25193713629153075;-0.3191025887120663;-0.19201031704897392;0.455;0.015436437564292988
09:41.7;0.2496639844059613;-0.3117875267354817;-0.1986818725980244;0.455;0.015465817416164169
09:41.7;0.24696811069867033;-0.3031167350546345;-0.20659219503627782;0.455;0.015465526299319991
09:41.7;0.24392820712798297;-0.29334453820442546;-0.2155100577052883;0.455;0.015420823746935767
09:41.7;0.2406618513203287;-0.2828501143781856;-0.2250903348860889;0.455;0.01532217644579892
09:41.7;0.2373154308079554;-0.27210486699744785;-0.23490368914204932;0.42100000000000004;0.015168831434871024
09:41.7;0.2340462511451869;-0.2616146247803546;-0.24448920301272373;0.42100000000000004;0.014970054872998248
09:41.7;0.2310012128029042;-0.2518508036870706;-0.2534170601479191;0.42100000000000004;0.014743257456579726
09:41.7;0.22829889428973263;-0.24319256467563266;-0.2613411748412107;0.42100000000000004;0.01450981716320755
09:41.7;0.22601942393054034;-0.23589410487288365;-0.2680288799796005;0.42100000000000004;0.014290401901206014
09:41.7;0.22420218273243894;-0.23007725458966913;-0.2733675333369355;0.42100000000000004;0.014101342365052838
09:41.7;0.22284917355834472;-0.2257424497376341;-0.27735438918876637;0.42100000000000004;0.013952733672247458
09:41.7;0.22193178407689362;-0.2227908002122672;-0.28007640474424944;0.42100000000000004;0.0138481985184302
09:41.7;0.22139911027985465;-0.22105138183274955;-0.28168536927422594;0.42100000000000004;0.01378584514244709
09:41.7;0.22118645348139945;-0.22030930250525096;-0.28237244514314674;0.42100000000000004;0.013759849228564614
09:41.7;0.2212230269733317;-0.22033143627853968;-0.28234498106511086;0.42100000000000004;0.013762168411076295
09:41.7;0.22143828659641465;-0.22088790995224655;-0.2818073636241094;0.42100000000000004;0.013784054936513138
09:41.7;0.2217666179358666;-0.2217684199153569;-0.2809467547197774;0.42100000000000004;0.01381719527113499
09:41.7;0.22215036452563572;-0.22279323048297;-0.2799238393620582;0.42100000000000004;0.013854437798428614
09:41.7;0.22254136539868705;-0.22381925867858474;-0.27886818071374175;0.42100000000000004;0.013890157324096321
09:41.7;0.22290129030764458;-0.22474200002364245;-0.2778774337629191;0.42100000000000004;0.013920348347877483
09:41.7;0.22320112389505312;-0.22549422267238925;-0.2770194821733548;0.42100000000000004;0.01394254675802384
09:41.7;0.22342016470968198;-0.2260423870807989;-0.2763365061548414;0.42100000000000004;0.013955664327056154
09:41.7;0.22354488053481814;-0.2263816718571073;-0.27585003258436325;0.42100000000000004;0.013959794685607983
09:41.7;0.2235679070552202;-0.2265303394280215;-0.2755661334850284;0.42100000000000004;0.013956023095957065
09:41.7;0.22348740072189896;-0.22652399062511644;-0.27548010013039254;0.42100000000000004;0.013946251106041349
09:41.7;0.22330686611561235;-0.22641006372983127;-0.27558010676333333;0.42100000000000004;0.013933033064326167
09:41.7;0.22303547964374418;-0.2262427541141884;-0.27584957422460527;0.42100000000000004;0.013919413976747183
09:41.7;0.2226888309497507;-0.22607838304659378;-0.2762681380561086;0.42100000000000004;0.013908755552842619
09:41.7;0.22228990673003526;-0.22597114074827634;-0.2768113097388806;0.42100000000000004;0.013904537632677629
09:41.7;0.22187005476854613;-0.22596907653371204;-0.2774490878207889;0.42100000000000004;0.013910124038385046
09:41.7;0.22146959556127901;-0.22611021026928674;-0.27814392300106605;0.42100000000000004;0.013928484401593102
09:41.7;0.22113770235631025;-0.22641869247292462;-0.2788485628337025;0.42100000000000004;0.013961866514378625
09:41.7;0.22093115595156748;-0.2269010390511046;-0.279504391552959;0.42100000000000004;0.014011417868339053
09:41.7;0.2209116066805337;-0.22754260085113467;-0.28004093091185833;0.42100000000000004;0.014076761897864956
09:41.7;0.22114105077194848;-0.22830458396515452;-0.28037716943986285;0.42100000000000004;0.014155546714326603
09:41.7;0.22167535826241894;-0.2291220964488007;-0.2804253295683892;0.42100000000000004;0.01424300518472839
09:41.7;0.2225558784620811;-0.22990383987576;-0.28009755403188813;0.42100000000000004;0.014331597786296394
09:41.7;0.22379939553186992;-0.2305341663502582;-0.2793157860089352;0.42100000000000004;0.014410853051046873
09:41.7;0.22538700342708945;-0.23087825814106727;-0.27802482695904523;0.42100000000000004;0.014467566454412911
09:41.7;0.2272528004311534;-0.23079113310301935;-0.2762081843212167;0.42100000000000004;0.01448654787918538
09:41.7;0.2292736431706108;-0.2301310122702875;-0.2739058804086461;0.42100000000000004;0.0144520892818902
09:41.7;0.23126151223674787;-0.2287772899394115;-0.27123290908545217;0.42100000000000004;0.014350223141940247
09:41.7;0.2329602797211416;-0.22665291418915798;-0.2683965386455667;0.42100000000000004;0.014171639532586745
09:41.7;0.2340487772937968;-0.22375042375067516;-0.2657102252280597;0.42100000000000004;0.013914849410078868
09:41.7;0.23415197972297327;-0.22016022007246386;-0.263601595886327;0.42100000000000004;0.013588913054864177
09:41.7;0.23286177890199947;-0.21609892796821703;-0.26261187468195024;0.42100000000000004;0.01321493962228793
09:41.7;0.2297681678832451;-0.2119349862571623;-0.26338436167214424;0.42100000000000004;0.012825742093942402
09:41.7;0.22450063585288177;-0.20820801011176376;-0.26664024231326994;0.42100000000000004;0.012463519693525002
09:41.7;0.21677816768276226;-0.20563810473079575;-0.27314121021339605;0.42100000000000004;0.012176048320888332
09:41.7;0.20646445121994259;-0.20512133405061456;-0.28364022309248543;0.42100000000000004;0.012012238234891599
09:41.7;0.1936227679049537;-0.20770817118730014;-0.2988241545768971;0.424;0.012017820294670576
09:41.7;0.1785624506008988;-0.21456294592555863;-0.3192540488449856;0.479;0.012231543797296688
09:41.7;0.16186624521941717;-0.22690310311096712;-0.34530806432747807;0.43;0.012682458470818251
09:41.7;0.14438868296861054;-0.24591702034797558;-0.37713121118496973;0.43;0.013391037276051499
09:41.7;0.1272220863941302;-0.27266078213709327;-0.41460073968307903;0.47700000000000004;0.014381866805299015
09:41.7;0.111633777757902;-0.30794039191102823;-0.4573214977255454;0.5820000000000001;0.015721135000291032
09:41.7;0.09897826449362464;-0.3521938060144123;-0.5046565259848966;0.628;0.017592090157466597
09:41.8;0.09058434041714436;-0.40538997897103995;-0.5557775533894835;0.72;0.020409254343546904
09:41.8;0.08761950237308974;-0.4669549239399547;-0.6097116686034613;0.72;0.024945961526432768
09:41.8;0.09094720350032776;-0.5357237281650947;-0.6653749205594188;0.745;0.03241877942042847
09:41.8;0.10100738104127911;-0.609919461568372;-0.721607141788944;0.774;0.04445559473818101
09:41.8;0.11775571899780998;-0.6871804950956091;-0.777236633713129;0.91;0.06289354792549637
09:41.8;0.14068531508308488;-0.7646738356869517;-0.8311955919243987;1.367;0.08941867483459155
09:41.8;0.16892020643292363;-0.8393121353670043;-0.8826723953416278;1.367;0.1251424492719092
09:41.8;0.201326128300137;-0.9080399969230583;-0.9312456784315172;1.517;0.17024304972344517
09:41.8;0.2365693263922243;-0.9681169402465818;-0.9769377044769789;1.537;0.22374488931473138
09:41.8;0.27309235994286024;-1.017329788731584;-1.020158812785317;1.504;0.2834256148627216
09:41.9;0.30904297789679913;-1.054102375572028;-1.0615523815324328;1.5090000000000001;0.3458144217517522
09:41.9;0.3422393089472035;-1.0775113315190188;-1.1017656295422602;1.5659999999999998;0.4062945122688734
09:41.9;0.3702398963468928;-1.0872395766311314;-1.1411804389289308;1.5659999999999998;0.4593701669566533
09:41.9;0.3905197764696598;-1.0834894837724587;-1.1796539575925313;1.5659999999999998;0.49913998491966594
09:41.9;0.40070352904228546;-1.0668592328159996;-1.2163292675447;1.406;0.5199737796353765
09:41.9;0.39881559061026706;-1.0381958345419475;-1.24956826801706;1.517;0.5173820980926822
09:41.9;0.38353550044872387;-0.9984699249549078;-1.2770376730597717;1.517;0.4890398686695373
09:41.9;0.354441061162741;-0.948722780346232;-1.2959564528752083;1.786;0.4357864930527572
09:41.9;0.31219501812552763;-0.8900940066521698;-1.3034837746144052;1.899;0.362215870345709
09:41.9;0.25861369173109205;-0.8238885563528313;-1.2971782227375006;1.83;0.2763882866057344
09:42.0;0.1965665187140367;-0.7516309730064286;-1.2754154415176782;1.577;0.18843687135292247
09:42.0;0.1296995601875951;-0.6750817007086011;-1.2376621499209108;1.577;0.10836697458513363
09:42.0;0.06203395386703895;-0.5962165670735702;-1.1845685431556692;1.43;0.04381206243377605
09:42.0;-0.0024804920884068295;-0.517170478002369;-1.1178991878712292;1.2919999999999998;0.0014340827524124975
09:42.0;-0.06038410151146579;-0.4401364524729713;-1.0403414375560365;1.1840000000000002;0.027649408463339686
09:42.0;-0.10904095662475868;-0.3672215743360235;-0.9552297354477133;0.868;0.03824949224055283
09:42.0;-0.14684344438655825;-0.30028937507967096;-0.8662290729281666;0.868;0.03819682673666235
09:42.0;-0.17326874381733462;-0.24083154021817071;-0.7770314752772934;0.767;0.03242441887049518
09:42.0;-0.18879935535779568;-0.18989385582504179;-0.6911144229499545;0.703;0.024777722031241903
09:42.0;-0.19474164939671318;-0.14805246522082902;-0.6115802352922926;0.645;0.017633069891712243
09:42.1;-0.19298411313826525;-0.11542637982216439;-0.541064045645764;0.519;0.012052449176685867
09:42.1;-0.18573382658077747;-0.0917224205890547;-0.4816876373098463;0.519;0.008206009471666446
09:42.1;-0.17526036908388523;-0.07631881625484628;-0.43504205548964553;0.461;0.00581897631871312
09:42.1;-0.16366631144436206;-0.06839050291350045;-0.4021876701080252;0.42700000000000005;0.004501775615630205
09:42.1;-0.1526982670494917;-0.06706585759889942;-0.3836614012096298;0.41;0.003929015113563881
09:42.1;-0.14361221026647478;-0.0715904829908171;-0.37948374526076223;0.401;0.0039015738955448056
09:42.1;-0.13710525231820853;-0.08146657654463513;-0.38916505259804546;0.42200000000000004;0.00434677731645848
09:42.1;-0.13331940797283737;-0.09653908474062395;-0.4117154663861498;0.449;0.0052989977535859625
09:42.1;-0.13191277498602766;-0.11700857349851448;-0.4456640048358059;0.474;0.006878790769425663
09:42.1;-0.1321828170895795;-0.143361623653546;-0.4890925695332412;0.503;0.009268276449887326
09:42.1;-0.1332175622593151;-0.1762245677002204;-0.5396927261342979;0.508;0.0126699383274065
09:42.2;-0.1340473437933182;-0.2161657572740209;-0.5948574337425984;0.546;0.017236854057684547
09:42.2;-0.1337761882554242;-0.26348613172725327;-0.6518236312640787;0.682;0.02297559039988628
09:42.2;-0.13168576625606015;-0.3180400478767693;-0.7078761626126051;0.752;0.029646807485931445
09:42.2;-0.1273153687559615;-0.3791221669820554;-0.7606051059347936;0.8540000000000001;0.03671294695534561
09:42.2;-0.12052119444348595;-0.44544629103896316;-0.8081871694409363;1.137;0.04338810932362276
09:42.2;-0.11151290875238151;-0.515221710560852;-0.8496429590784664;1.266;0.0488152774742048
09:42.2;-0.10086382520039078;-0.5862969976914417;-0.8850044660838385;1.2409999999999999;0.05233576384027622
09:42.2;-0.08948972622631479;-0.6563127801164405;-0.9153286857625867;1.2409999999999999;0.05376022945887629
09:42.2;-0.07858258520479246;-0.7228192022786446;-0.9425275134355149;1.248;0.05353650675224855
09:42.2;-0.06947878767951159;-0.7833634724842048;-0.969027206995979;1.158;0.05274138370391423
09:42.3;-0.06345654272132026;-0.8355872375438986;-0.9973024614175559;1.153;0.05288044436097332
09:42.3;-0.061494304316189734;-0.8773636502995568;-1.0293608475377203;1.23;0.0555369692187219
09:42.3;-0.06405432400132943;-0.9069716085935909;-1.0662773940392478;1.2409999999999999;0.06194586852558003
09:42.3;-0.07095422672662027;-0.9232843121371895;-1.1078702167078462;1.31;0.07257760203005446
09:42.3;-0.08135802579937138;-0.9259452742666667;-1.1525738434527883;1.482;0.08682693699296437
09:42.3;-0.09389001801377964;-0.9154929057635327;-1.1975371257055478;1.6440000000000001;0.1029350765467984
09:42.3;-0.10686464190650138;-0.8933732152499726;-1.2389428310792225;1.642;0.11828188290721701
09:42.3;-0.11860365586064081;-0.8617951661488764;-1.2724950070677927;1.642;0.1300643325869199
09:42.3;-0.1277668971393315;-0.823453707182909;-1.2939692670792025;1.642;0.13613866847096215
09:42.3;-0.13359923248373365;-0.7812043974233882;-1.2997187993746977;1.578;0.13564945184784133
09:42.4;-0.13602504433966744;-0.7377654392075984;-1.2870768628297566;1.569;0.1291640535958228
09:42.4;-0.13557267199684306;-0.6954862633749294;-1.2546419270218812;1.5830000000000002;0.118298846165514
09:42.4;-0.1331555928766834;-0.6561998225026778;-1.202439637607076;1.528;0.10506517911885557
09:42.4;-0.12977544669388547;-0.621158132867004;-1.1319437302953745;1.376;0.09124719998818967
09:42.4;-0.1262341747088016;-0.5910335002955609;-1.0459397857531587;1.188;0.07803613043504676
09:42.4;-0.12293085806742801;-0.5659662775753641;-0.9482439992060135;1.038;0.0659738108687828
09:42.4;-0.11978034884252474;-0.5456504263326344;-0.8433274431214686;0.879;0.055118362353982285
09:42.4;-0.11624926630334376;-0.5294532807355694;-0.7359192045308979;0.879;0.045294763950164144
09:42.4;-0.11147768991607683;-0.5165591641953442;-0.630656283361561;0.79;0.03631623002834341
09:42.4;-0.10444667629429046;-0.5061176808658869;-0.531817967524511;0.722;0.02811312603960212
09:42.5;-0.09415598204647578;-0.4973779279025594;-0.44314858811258173;0.685;0.02075313905754505
09:42.5;-0.07978349565859735;-0.4897971923383848;-0.36775604854286176;0.6579999999999999;0.014371072368312183
09:42.5;-0.06080607583938389;-0.4831174234719461;-0.30807038640373235;0.63;0.009050021909224404
09:42.5;-0.03707214114370655;-0.477402858757;-0.26584332716194725;0.599;0.004704987229036023
09:42.5;-0.008825678116008335;-0.47303286591308336;-0.24216721053245005;0.562;0.0010110083432268734
09:42.5;0.023314646605434603;-0.47064893555633736;-0.23749566289892468;0.539;0.0026060431407643756
09:42.5;0.05841592671687027;-0.47106161544046377;-0.25165776186555366;0.5579999999999999;0.006924992665147855
09:42.5;0.09531921368960737;-0.4751269843378647;-0.28386751898866713;0.5579999999999999;0.012855999579317885
09:42.5;0.13273362700246102;-0.4836015035918297;-0.33273797775538233;0.573;0.02135851121586646
09:42.5;0.16931408654034355;-0.49698424079885617;-0.3963120004692688;0.593;0.033348241097805674
09:42.6;0.203715007316524;-0.5153631454936611;-0.47211801956729543;0.624;0.04956635222745295
09:42.6;0.23463052711019397;-0.5382952048408045;-0.5572510286153236;0.6990000000000001;0.07038107665907725
09:42.6;0.26084322653861386;-0.5647589392990094;-0.6484736046538847;0.79;0.09552894485523644
09:42.6;0.2813040670075351;-0.5932123172327524;-0.742332721002596;0.943;0.1238753159422328
09:42.6;0.29525046280201267;-0.6217639550619334;-0.8352955159725869;1.1540000000000001;0.15334028939891525
09:42.6;0.302337587113059;-0.648423941949736;-0.9239161118704511;1.278;0.18112722167801742
09:42.6;0.30273093487008934;-0.6713660168147891;-1.0050422679481184;1.431;0.20426806889555083
09:42.6;0.2971136851551224;-0.689134557146991;-1.0760447816696892;1.431;0.2203215763430901
09:42.6;0.2866007743962665;-0.700766970628995;-1.1350194402569034;1.51;0.22795770896295717
09:42.6;0.272588457856163;-0.7058400440582037;-1.1809024230574798;1.527;0.22721017161126159
09:42.7;0.25657593968528386;-0.7044608119054939;-1.213462643155999;1.5030000000000001;0.21933057545950696
09:42.7;0.23998166266304038;-0.6972124905972824;-1.23316885322806;1.419;0.20633160850775997
09:42.7;0.22396477085188884;-0.6850538551397564;-1.240962722488629;1.2990000000000002;0.19039834133089148
09:42.7;0.20926758111731306;-0.6691743236809858;-1.2379964778717005;1.249;0.17336468394692522
09:42.7;0.19611173677272944;-0.6508275200900253;-1.2254034525190698;1.27;0.15640426587592138
09:42.7;0.18418659843373125;-0.63118126404393;-1.2041546999454598;1.287;0.13998916120557592
09:42.7;0.17274999778443265;-0.6112146944116977;-1.1750219410329337;1.3090000000000002;0.12406743779412513
09:42.7;0.16082614132678366;-0.5916726390768338;-1.138633776101949;1.3090000000000002;0.10834832233208805
09:42.7;0.14745212961747337;-0.5730705865739951;-1.09559235480266;1.32;0.092578078124774
09:42.7;0.13191241203833776;-0.5557360826159653;-1.046611039136235;1.2930000000000001;0.07672547187652615
09:42.8;0.11391227834350065;-0.5398713105507826;-0.9926331629428025;1.22;0.061044925465447104
09:42.8;0.09366204729353075;-0.525622189303862;-0.9348994787085974;1.126;0.046025896331501163
09:42.8;0.07186295923977727;-0.5131376045504281;-0.8749514145263577;1.057;0.032264346797330236
09:42.8;0.04960391165695963;-0.5026022348478894;-0.8145789659586211;0.997;0.02030829822242468
09:42.8;0.02819221839981478;-0.4942345995913506;-0.7557297575528346;0.915;0.01053001330595977
09:42.8;0.008949477514958538;-0.4882542095166396;-0.7003909583191578;0.8240000000000001;0.0030604423880749043
09:42.8;-0.006991921682420276;-0.4848295147752751;-0.6504544422608571;0.7390000000000001;0.0022049690070865833
09:42.8;-0.01885602803920073;-0.4840223482709158;-0.6075828654698445;0.7390000000000001;0.005545250216150119
09:42.8;-0.0263265134722654;-0.48574655561742786;-0.5730982005839727;0.72;0.007328787377213955
09:42.8;-0.02957246191711064;-0.4897549135310976;-0.5479056344726057;0.701;0.007935458953626188
09:42.9;-0.02919926332653051;-0.4956591049098447;-0.532452856943045;0.705;0.007706126689931974
09:42.9;-0.026140314427944115;-0.5029772367759626;-0.5267205088064445;0.736;0.006925312358440582
09:42.9;-0.02151326102557581;-0.5111958057602991;-0.5302417852291419;0.743;0.00583132809673604
09:42.9;-0.016465553693426924;-0.5198305217991641;-0.5421486263747566;0.742;0.004640411310884413
09:42.9;-0.0120293658639565;-0.5284744729829062;-0.5612397006630269;0.769;0.003567920200657771
09:42.9;-0.009000416787779545;-0.5368299583938503;-0.586066273689453;0.8079999999999999;0.002831692528796565
09:42.9;-0.007852113484070536;-0.5447258907484632;-0.6150322909675092;0.861;0.002630646566324047
09:42.9;-0.008693745455803752;-0.5521231704549313;-0.6465003470396555;0.861;0.003103213499453284
09:42.9;-0.011276921381904286;-0.5591087509971927;-0.6788913943286538;0.8859999999999999;0.004280427504723934
09:42.9;-0.01504896643487964;-0.5658784965466902;-0.7107705420730189;0.9279999999999999;0.0060528412643713015
09:43.0;-0.01924675386626491;-0.5727085854393118;-0.7409198166097748;0.9670000000000001;0.008166997011191156
09:43.0;-0.023018814114839716;-0.5799144513293016;-0.7684003145044819;0.9890000000000001;0.010257331966967147
09:43.0;-0.025558013029338512;-0.587798430645835;-0.7925992738626477;1.0190000000000001;0.0119071871469013
09:43.0;-0.0262243618710598;-0.5965934670846512;-0.8132507931691304;1.036;0.012723538785308245
09:43.0;-0.024639775471808147;-0.6064141921430217;-0.8304190775544152;1.035;0.012408046734884439
09:43.0;-0.02074284289831454;-0.6172236090574116;-0.8444407200573286;1.035;0.010811351195013088
09:43.0;-0.014798908743067954;-0.6288174321312016;-0.8558337387779922;1.037;0.00796422770016027
09:43.0;-0.0073671977477868635;-0.6408243696213662;-0.8651902902935876;1.037;0.00408463244817147
09:43.0;0.0007681195753251511;-0.6527195402181643;-0.8730736441562935;1.05;0.00043773001344625377
09:43.0;0.008692886455712584;-0.6638485500849775;-0.8799379096721632;1.065;0.005077910552932167
09:43.1;0.015472154134529424;-0.6734611181297598;-0.8860827634847657;1.079;0.009232888668614941
09:43.1;0.020260020276945324;-0.6807547433608935;-0.8916474369433511;1.105;0.012297694987811006
09:43.1;0.022395866321572148;-0.6849301313645544;-0.8966402159739171;1.141;0.013754105540142789
09:43.1;0.0214744029574493;-0.6852592536694145;-0.9009923447154985;1.171;0.01325858289100546
09:43.1;0.017379602859725524;-0.6811615131436916;-0.904620249522568;1.18;0.010709180900125279
09:43.1;0.01027657944807155;-0.6722756893329894;-0.9074801230774168;1.162;0.006269502964600689
09:43.1;0.0005633117071884806;-0.6585127465544677;-0.909604373521613;1.137;0.0003374158680879887
09:43.1;-0.01120518301369306;-0.6400810912456965;-0.9111170737069446;1.137;0.006534737356450348
09:43.1;-0.02440103833263781;-0.6174849469097278;-0.9122311695932108;1.131;0.0137448368553153
09:43.1;-0.03839986221557343;-0.5914994799761445;-0.9132313766072822;1.103;0.020742679531641994
09:43.2;-0.052641490062429304;-0.5631245753343443;-0.9144449239945697;1.0759999999999998;0.027107546297908805
09:43.2;-0.06667362506055166;-0.533520047832117;-0.9162017513316899;1.057;0.032590868159403825
09:43.2;-0.08017842201291048;-0.5039291907004981;-0.9187879181834191;1.028;0.037122934277795165
09:43.2;-0.09298170006541723;-0.47560001842313393;-0.9223986510840692;1.018;0.04079040378693767
09:43.2;-0.1050446408451983;-0.44971230313413757;-0.9270987095540141;1.02;0.0437960200748852
09:43.2;-0.11643934300292876;-0.4273147176027424;-0.9327969604748866;1.0090000000000001;0.04641247407559385
09:43.2;-0.1273113312819531;-0.40927255536060037;-0.9392391846122139;1.02;0.04893908953576027
09:43.2;-0.13783274631115122;-0.3962254106486644;-0.9460195153596388;1.02;0.05166480912568409
09:43.2;-0.14815003043801198;-0.3885554745926451;-0.952608072651024;1.031;0.054836412530540266
09:43.2;-0.15833107349946157;-0.38636743617551106;-0.958390832069759;1.042;0.05862857290531329
09:43.3;-0.1683189344766006;-0.3894804945395399;-0.9627168825122185;1.053;0.0631127746755427
09:43.3;-0.17790019022667844;-0.39743499349039946;-0.9649468330303715;1.052;0.06822537020690618
09:43.3;-0.18669473847800158;-0.40951946179928994;-0.9644954928489023;1.054;0.07374062715426201
09:43.3;-0.1941720728830676;-0.4248228977700568;-0.9608646678292422;1.071;0.07926051832353513
09:43.3;-0.19969692141334533;-0.44231033369155826;-0.9536667051700188;1.072;0.0842354841282034
09:43.3;-0.20260277892953868;-0.46091164928144657;-0.942642424838072;1.074;0.08802581699227714
09:43.3;-0.20228510826778087;-0.47960958121952973;-0.9276775774662218;1.087;0.09000130823728097
09:43.3;-0.1982996661303658;-0.49751347699801995;-0.9088212557346802;1.087;0.08966135722367619
09:43.3;-0.19044889089110084;-0.513908682567503;-0.886306751502506;1.084;0.08674580080593416
09:43.3;-0.1788416770337641;-0.5282782251056445;-0.8605692996258592;1.056;0.08130500718100657
09:43.4;-0.16391624613952827;-0.5403020920643294;-0.8322510094249793;1.008;0.07370772034450099
09:43.4;-0.1464192481750007;-0.5498429384858193;-0.8021878220110309;0.996;0.0645822080106709
09:43.4;-0.12733973422537115;-0.5569242232762743;-0.7713817054885448;0.998;0.05470529717805208
09:43.4;-0.10780737491650262;-0.5617040212573028;-0.7409606836412882;0.955;0.044869493649768034
09:43.4;-0.08897447506504971;-0.5644468856732955;-0.7121213397510637;0.905;0.03576370598064736
09:43.4;-0.07190323378834075;-0.5654949364831096;-0.6860484891820146;0.875;0.027895359046600687
09:43.4;-0.05747397149868333;-0.5652391414876365;-0.6638179489288112;0.826;0.02156514722728148
09:43.4;-0.04632258918264131;-0.5640933890506432;-0.6462989480164071;0.826;0.016887963635062415
09:43.4;-0.03880995857131037;-0.5624746917102887;-0.6340749140908334;0.8220000000000001;0.013841614098120266
09:43.4;-0.035021785854655235;-0.5607910560341409;-0.6273958654507433;0.821;0.012321994739126135
09:43.5;-0.03479348104662076;-0.5594354170793595;-0.6261669110600458;0.825;0.012188154568322378
09:43.5;-0.03775175469766991;-0.5587812317207893;-0.6299713986935707;0.8390000000000001;0.013289229009680614
09:43.5;-0.0433647986534444;-0.5591739065542302;-0.6381253844602142;0.855;0.015473560329603231
09:43.5;-0.05099558992849164;-0.5609134675262327;-0.6497577564207956;0.866;0.018585744401212887
09:43.5;-0.05995601987021219;-0.5642284950281955;-0.6639054610050992;0.887;0.022459188036823674
09:43.5;-0.06956149037731207;-0.5692469162929872;-0.6796092801177461;0.9079999999999999;0.026910939850647214
09:43.5;-0.07918529830539998;-0.5759713738853529;-0.6959957364305324;0.9279999999999999;0.031743297224452904
09:43.5;-0.08830859719750095;-0.5842648376941496;-0.7123347298631969;0.9279999999999999;0.03675334363539752
09:43.5;-0.09655670554938123;-0.593849667158961;-0.7280686872822522;0.9470000000000001;0.04174758044566133
09:43.5;-0.1037115392291041;-0.6043224250124579;-0.7428154992563826;0.9640000000000001;0.04655611658166286
09:43.6;-0.10969541723493678;-0.6151850524081558;-0.7563521577770721;0.975;0.05104089829303985
09:43.6;-0.11452916468657688;-0.6258895234476523;-0.7685875948826697;0.9940000000000001;0.055094360438889135
09:43.6;-0.118273079957244;-0.6358906415113839;-0.7795322012198788;1.015;0.058627638297261205
09:43.6;-0.12096287817810049;-0.6447015869273853;-0.7892685332702051;1.0390000000000001;0.061551074618059226
09:43.6;-0.12255514222814212;-0.6519464947380523;-0.7979241440338937;1.048;0.0637536566736046
09:43.6;-0.12289713096772067;-0.6574020168131558;-0.8056461913156964;1.05;0.06509042913556884
09:43.6;-0.12173161156970358;-0.6610183547826781;-0.8125794802817109;1.069;0.06538569458022558
09:43.6;-0.11873808354116482;-0.6629129946905719;-0.8188512989797382;1.069;0.06445425748144666
09:43.6;-0.1136009705292446;-0.6633360491839408;-0.8245647198566238;1.0659999999999998;0.062135584849191246
09:43.6;-0.10608835958962277;-0.6626109591665612;-0.8297996215240677;1.0659999999999998;0.058331021387368516
09:43.7;-0.09612278964371;-0.6610579042679406;-0.8346205049998732;1.057;0.0530340652967246
09:43.7;-0.08382615491293079;-0.6589121041693826;-0.8390898665674511;1.048;0.046346346847200626
09:43.7;-0.06952500520002114;-0.6562544544357887;-0.8432836272638242;1.054;0.038475738347408674
09:43.7;-0.05371288238670279;-0.6529724311448394;-0.847303405101842;1.065;0.02971749892894086
09:43.7;-0.036979405511860505;-0.6487624423593951;-0.8512804020682344;1.069;0.020422939954579805
09:43.7;-0.019924551822510517;-0.6431748820503351;-0.8553662224796995;1.074;0.010961493564993562
09:43.7;-0.003078155591359414;-0.6356943708807842;-0.859708293471984;1.074;0.0016822481151561302
09:43.7;0.013159101294766438;-0.6258399491090223;-0.864413652823928;1.074;0.0071188711041527755
09:43.7;0.028544173811798114;-0.6132640814708074;-0.8695119830396651;1.064;0.01522090859084959
09:43.7;0.04298974402705445;-0.5978295152717644;-0.8749312877832801;1.07;0.02248620466325687
09:43.7;0.056539581283119734;-0.5796504084384321;-0.8804950711677206;1.082;0.028856633479782748
09:43.8;0.06933172011352033;-0.5590936396486972;-0.8859406694954587;1.0659999999999998;0.03434165061103329
09:43.8;0.0815591041262184;-0.5367428055692631;-0.8909511514270169;1.002;0.03900251136231689
09:43.8;0.0934348367028683;-0.5133313415398475;-0.8951950854460271;1.042;0.04293626880287403
09:43.8;0.10516533061962291;-0.4896551622344586;-0.8983747552872403;1.078;0.04626158075805385
09:43.8;0.11692970627314227;-0.46647877275469574;-0.9002789452621301;1.054;0.04910591842510749
09:43.8;0.12886038225943705;-0.44444946427380955;-0.900822977134378;0.983;0.05159186856226421
09:43.8;0.14102140293193355;-0.4240326715100855;-0.9000583311001986;0.983;0.05382140206738872
09:43.8;0.15338761310485416;-0.40547960570972236;-0.8981521495364746;0.965;0.055861065920428776
09:43.8;0.16583363688381272;-0.3888339366978189;-0.8953521264009807;0.9840000000000001;0.05773386827557323
09:43.8;0.17814050590071204;-0.3739763157662771;-0.8919513162185442;0.9840000000000001;0.059422091106665825
