time,gFx,gFy,gFz,acc
2020-12-12 9:14:02.6110,-0.066,-0.134,-1.037,1.048
2020-12-12 9:14:02.6210,-0.071,-0.149,-1.028,1.041
2020-12-12 9:14:02.6310,-0.055,-0.169,-0.998,1.014
2020-12-12 9:14:02.6460,-0.022,-0.185,-0.966,0.984
2020-12-12 9:14:02.6660,-0.011,-0.191,-0.915,0.935
2020-12-12 9:14:02.6660,-0.011,-0.191,-0.915,0.935
2020-12-12 9:14:02.6710,-0.033,-0.187,-0.908,0.928
2020-12-12 9:14:02.6810,-0.045,-0.187,-0.922,0.942
2020-12-12 9:14:02.6910,-0.047,-0.187,-0.948,0.967
2020-12-12 9:14:02.7010,-0.047,-0.181,-0.977,0.995
2020-12-12 9:14:02.7120,-0.045,-0.172,-0.999,1.015
2020-12-12 9:14:02.7210,-0.042,-0.166,-1.016,1.03
2020-12-12 9:14:02.7310,-0.042,-0.165,-1.026,1.04
2020-12-12 9:14:02.7660,-0.042,-0.181,-1.008,1.025
2020-12-12 9:14:02.7660,-0.042,-0.181,-1.008,1.025
2020-12-12 9:14:02.7660,-0.042,-0.181,-1.008,1.025
2020-12-12 9:14:02.7710,-0.041,-0.181,-1.0,1.017
2020-12-12 9:14:02.7810,-0.041,-0.177,-0.997,1.013
2020-12-12 9:14:02.7910,-0.041,-0.176,-0.997,1.013
2020-12-12 9:14:02.8010,-0.035,-0.177,-1.002,1.018
2020-12-12 9:14:02.8120,-0.028,-0.18,-1.008,1.024
2020-12-12 9:14:02.8210,-0.024,-0.179,-1.008,1.024
2020-12-12 9:14:02.8320,-0.024,-0.177,-1.005,1.021
2020-12-12 9:14:02.8470,-0.026,-0.177,-0.996,1.012
2020-12-12 9:14:02.8660,-0.027,-0.18,-0.977,0.994
2020-12-12 9:14:02.8660,-0.027,-0.18,-0.977,0.994
2020-12-12 9:14:02.8710,-0.027,-0.182,-0.975,0.992
2020-12-12 9:14:02.8820,-0.024,-0.187,-0.974,0.992
2020-12-12 9:14:02.8920,-0.021,-0.191,-0.975,0.994
2020-12-12 9:14:02.9010,-0.019,-0.191,-0.971,0.99
2020-12-12 9:14:02.9120,-0.019,-0.188,-0.968,0.986
2020-12-12 9:14:02.9220,-0.023,-0.185,-0.966,0.984
2020-12-12 9:14:02.9320,-0.023,-0.186,-0.968,0.986
2020-12-12 9:14:02.9470,-0.018,-0.185,-0.975,0.993
2020-12-12 9:14:02.9690,-0.023,-0.174,-0.986,1.001
2020-12-12 9:14:02.9690,-0.023,-0.174,-0.986,1.001
2020-12-12 9:14:02.9710,-0.027,-0.171,-0.993,1.008
2020-12-12 9:14:02.9820,-0.025,-0.17,-0.997,1.012
2020-12-12 9:14:02.9920,-0.019,-0.172,-1.004,1.019
2020-12-12 9:14:03.0020,-0.017,-0.169,-1.003,1.017
2020-12-12 9:14:03.0120,-0.023,-0.166,-0.999,1.013
2020-12-12 9:14:03.0220,-0.029,-0.166,-0.993,1.007
2020-12-12 9:14:03.0320,-0.03,-0.167,-0.988,1.002
2020-12-12 9:14:03.0470,-0.023,-0.17,-0.985,1.0
2020-12-12 9:14:03.0670,-0.023,-0.168,-0.976,0.991
2020-12-12 9:14:03.0680,-0.023,-0.168,-0.976,0.991
2020-12-12 9:14:03.0710,-0.026,-0.168,-0.973,0.988
2020-12-12 9:14:03.0820,-0.022,-0.166,-0.976,0.99
2020-12-12 9:14:03.0920,-0.017,-0.169,-0.974,0.989
2020-12-12 9:14:03.1020,-0.015,-0.174,-0.974,0.99
2020-12-12 9:14:03.1120,-0.016,-0.175,-0.979,0.995
2020-12-12 9:14:03.1220,-0.014,-0.173,-0.983,0.998
2020-12-12 9:14:03.1320,-0.008,-0.171,-0.987,1.002
2020-12-12 9:14:03.1650,-0.01,-0.179,-0.998,1.014
2020-12-12 9:14:03.1650,-0.01,-0.179,-0.998,1.014
2020-12-12 9:14:03.1660,-0.01,-0.179,-0.998,1.014
2020-12-12 9:14:03.1720,-0.004,-0.18,-0.997,1.013
2020-12-12 9:14:03.1820,-0.005,-0.177,-0.993,1.009
2020-12-12 9:14:03.1920,-0.013,-0.175,-0.989,1.004
2020-12-12 9:14:03.2020,-0.021,-0.175,-0.984,1.0
2020-12-12 9:14:03.2130,-0.02,-0.176,-0.982,0.998
2020-12-12 9:14:03.2220,-0.012,-0.175,-0.983,0.999
2020-12-12 9:14:03.2330,-0.011,-0.175,-0.981,0.997
2020-12-12 9:14:03.2480,-0.014,-0.173,-0.982,0.997
2020-12-12 9:14:03.2690,-0.016,-0.168,-0.992,1.006
2020-12-12 9:14:03.2700,-0.016,-0.168,-0.992,1.006
2020-12-12 9:14:03.2720,-0.017,-0.167,-0.994,1.008
2020-12-12 9:14:03.2820,-0.019,-0.164,-0.991,1.005
2020-12-12 9:14:03.2930,-0.018,-0.161,-0.988,1.001
2020-12-12 9:14:03.3020,-0.012,-0.16,-0.99,1.003
2020-12-12 9:14:03.3120,-0.009,-0.161,-0.99,1.003
2020-12-12 9:14:03.3220,-0.012,-0.161,-0.983,0.996
2020-12-12 9:14:03.3330,-0.019,-0.16,-0.977,0.99
2020-12-12 9:14:03.3480,-0.021,-0.158,-0.973,0.986
2020-12-12 9:14:03.3680,-0.014,-0.162,-0.974,0.987
2020-12-12 9:14:03.3690,-0.014,-0.162,-0.974,0.987
2020-12-12 9:14:03.3720,-0.016,-0.165,-0.968,0.982
2020-12-12 9:14:03.3830,-0.021,-0.166,-0.965,0.979
2020-12-12 9:14:03.3930,-0.025,-0.167,-0.964,0.979
2020-12-12 9:14:03.4020,-0.02,-0.17,-0.963,0.978
2020-12-12 9:14:03.4130,-0.016,-0.173,-0.961,0.977
2020-12-12 9:14:03.4220,-0.017,-0.174,-0.961,0.977
2020-12-12 9:14:03.4330,-0.022,-0.174,-0.959,0.975
2020-12-12 9:14:03.4690,-0.007,-0.176,-0.978,0.994
2020-12-12 9:14:03.4690,-0.007,-0.176,-0.978,0.994
2020-12-12 9:14:03.4690,-0.007,-0.176,-0.978,0.994
2020-12-12 9:14:03.4720,-0.008,-0.173,-0.984,0.999
2020-12-12 9:14:03.4830,-0.007,-0.172,-0.993,1.008
2020-12-12 9:14:03.4930,-0.004,-0.173,-0.999,1.014
2020-12-12 9:14:03.5030,-0.002,-0.176,-0.999,1.014
2020-12-12 9:14:03.5130,0.001,-0.177,-0.995,1.011
2020-12-12 9:14:03.5230,0.004,-0.174,-0.993,1.008
2020-12-12 9:14:03.5330,0.009,-0.172,-0.993,1.008
2020-12-12 9:14:03.5680,0.002,-0.18,-0.982,0.998
2020-12-12 9:14:03.5680,0.002,-0.18,-0.982,0.998
2020-12-12 9:14:03.5680,0.002,-0.18,-0.982,0.998
2020-12-12 9:14:03.5720,0.001,-0.18,-0.986,1.002
2020-12-12 9:14:03.5830,-0.001,-0.181,-0.985,1.001
2020-12-12 9:14:03.5930,-0.006,-0.182,-0.983,1.0
2020-12-12 9:14:03.6030,-0.009,-0.18,-0.984,1.0
2020-12-12 9:14:03.6130,-0.009,-0.177,-0.989,1.005
2020-12-12 9:14:03.6240,-0.008,-0.174,-0.996,1.011
2020-12-12 9:14:03.6330,-0.01,-0.173,-0.996,1.011
2020-12-12 9:14:03.6470,-0.014,-0.171,-0.994,1.009
2020-12-12 9:14:03.6670,-0.018,-0.17,-0.988,1.003
2020-12-12 9:14:03.6670,-0.018,-0.17,-0.988,1.003
2020-12-12 9:14:03.6730,-0.011,-0.173,-0.985,1.0
2020-12-12 9:14:03.6830,-0.009,-0.173,-0.983,0.998
2020-12-12 9:14:03.6930,-0.016,-0.171,-0.98,0.995
2020-12-12 9:14:03.7030,-0.022,-0.168,-0.98,0.995
2020-12-12 9:14:03.7130,-0.022,-0.171,-0.98,0.995
2020-12-12 9:14:03.7230,-0.019,-0.172,-0.981,0.996
2020-12-12 9:14:03.7340,-0.018,-0.172,-0.979,0.994
2020-12-12 9:14:03.7480,-0.018,-0.17,-0.978,0.993
2020-12-12 9:14:03.7700,-0.016,-0.172,-0.98,0.995
2020-12-12 9:14:03.7700,-0.016,-0.172,-0.98,0.995
2020-12-12 9:14:03.7730,-0.012,-0.173,-0.981,0.996
2020-12-12 9:14:03.7830,-0.011,-0.171,-0.977,0.992
2020-12-12 9:14:03.7930,-0.014,-0.172,-0.973,0.988
2020-12-12 9:14:03.8030,-0.017,-0.175,-0.97,0.986
2020-12-12 9:14:03.8140,-0.013,-0.176,-0.968,0.984
2020-12-12 9:14:03.8240,-0.009,-0.175,-0.97,0.986
2020-12-12 9:14:03.8340,-0.008,-0.174,-0.973,0.988
2020-12-12 9:14:03.8490,-0.01,-0.172,-0.982,0.997
2020-12-12 9:14:03.8700,-0.002,-0.174,-1.002,1.017
2020-12-12 9:14:03.8700,-0.002,-0.174,-1.002,1.017
2020-12-12 9:14:03.8730,-0.001,-0.176,-1.0,1.015
2020-12-12 9:14:03.8840,-0.002,-0.175,-0.996,1.011
2020-12-12 9:14:03.8930,-0.002,-0.173,-0.992,1.007
2020-12-12 9:14:03.9040,-0.001,-0.176,-0.985,1.001
2020-12-12 9:14:03.9140,0.001,-0.177,-0.979,0.995
2020-12-12 9:14:03.9240,0.0,-0.177,-0.976,0.992
2020-12-12 9:14:03.9340,-0.0,-0.177,-0.978,0.994
2020-12-12 9:14:03.9650,0.0,-0.178,-0.977,0.993
2020-12-12 9:14:03.9650,0.0,-0.178,-0.977,0.993
2020-12-12 9:14:03.9660,0.0,-0.178,-0.977,0.993
2020-12-12 9:14:03.9740,-0.001,-0.179,-0.974,0.99
2020-12-12 9:14:03.9840,0.002,-0.178,-0.972,0.988
2020-12-12 9:14:03.9940,0.006,-0.176,-0.968,0.984
2020-12-12 9:14:04.0040,0.006,-0.173,-0.967,0.982
2020-12-12 9:14:04.0140,0.002,-0.175,-0.968,0.984
2020-12-12 9:14:04.0240,0.006,-0.176,-0.974,0.99
2020-12-12 9:14:04.0340,0.01,-0.175,-0.978,0.994
2020-12-12 9:14:04.0670,-0.001,-0.169,-0.984,0.998
2020-12-12 9:14:04.0670,-0.001,-0.169,-0.984,0.998
2020-12-12 9:14:04.0670,-0.001,-0.169,-0.984,0.998
2020-12-12 9:14:04.0730,-0.001,-0.168,-0.988,1.002
2020-12-12 9:14:04.0840,0.001,-0.169,-0.983,0.997
2020-12-12 9:14:04.0940,0.001,-0.167,-0.988,1.002
2020-12-12 9:14:04.1040,-0.002,-0.165,-0.995,1.009
2020-12-12 9:14:04.1140,-0.005,-0.165,-0.993,1.007
2020-12-12 9:14:04.1240,-0.009,-0.166,-0.987,1.001
2020-12-12 9:14:04.1340,-0.009,-0.164,-0.983,0.997
2020-12-12 9:14:04.1710,-0.009,-0.167,-0.983,0.997
2020-12-12 9:14:04.1710,-0.009,-0.167,-0.983,0.997
2020-12-12 9:14:04.1710,-0.009,-0.167,-0.983,0.997
2020-12-12 9:14:04.1740,-0.007,-0.166,-0.982,0.996
2020-12-12 9:14:04.1840,-0.009,-0.166,-0.979,0.993
2020-12-12 9:14:04.1940,-0.01,-0.166,-0.977,0.991
2020-12-12 9:14:04.2040,-0.006,-0.168,-0.975,0.989
2020-12-12 9:14:04.2150,-0.003,-0.169,-0.973,0.988
2020-12-12 9:14:04.2250,-0.006,-0.17,-0.97,0.985
2020-12-12 9:14:04.2340,-0.006,-0.172,-0.971,0.986
2020-12-12 9:14:04.2700,-0.001,-0.171,-0.986,1.001
2020-12-12 9:14:04.2710,-0.001,-0.171,-0.986,1.001
2020-12-12 9:14:04.2710,-0.001,-0.171,-0.986,1.001
2020-12-12 9:14:04.2740,-0.003,-0.175,-0.993,1.008
2020-12-12 9:14:04.2840,-0.004,-0.174,-0.998,1.013
2020-12-12 9:14:04.2940,-0.005,-0.174,-1.001,1.016
2020-12-12 9:14:04.3040,-0.01,-0.175,-1.0,1.015
2020-12-12 9:14:04.3140,-0.011,-0.177,-0.998,1.014
2020-12-12 9:14:04.3240,-0.008,-0.177,-0.992,1.008
2020-12-12 9:14:04.3340,-0.005,-0.176,-0.987,1.003
2020-12-12 9:14:04.3510,-0.004,-0.174,-0.979,0.994
2020-12-12 9:14:04.3540,-0.005,-0.172,-0.973,0.988
2020-12-12 9:14:04.3640,-0.005,-0.169,-0.971,0.986
2020-12-12 9:14:04.3740,-0.006,-0.168,-0.969,0.983
2020-12-12 9:14:04.3840,-0.008,-0.168,-0.968,0.983
2020-12-12 9:14:04.3940,-0.006,-0.168,-0.968,0.982
2020-12-12 9:14:04.4040,-0.005,-0.166,-0.97,0.984
2020-12-12 9:14:04.4140,-0.007,-0.163,-0.972,0.986
2020-12-12 9:14:04.4240,-0.01,-0.162,-0.974,0.987
2020-12-12 9:14:04.4340,-0.013,-0.163,-0.975,0.989
2020-12-12 9:14:04.4520,-0.013,-0.165,-0.972,0.986
2020-12-12 9:14:04.4540,-0.008,-0.165,-0.969,0.983
2020-12-12 9:14:04.4640,-0.006,-0.164,-0.962,0.976
2020-12-12 9:14:04.4740,-0.002,-0.164,-0.954,0.968
2020-12-12 9:14:04.4840,-0.002,-0.166,-0.945,0.959
2020-12-12 9:14:04.4940,-0.003,-0.169,-0.937,0.952
2020-12-12 9:14:04.5040,-0.004,-0.171,-0.934,0.95
2020-12-12 9:14:04.5140,-0.006,-0.173,-0.939,0.955
2020-12-12 9:14:04.5240,-0.009,-0.179,-0.948,0.965
2020-12-12 9:14:04.5340,-0.01,-0.18,-0.958,0.975
2020-12-12 9:14:04.5580,-0.004,-0.175,-0.987,1.002
2020-12-12 9:14:04.5580,-0.004,-0.175,-0.987,1.002
2020-12-12 9:14:04.5640,-0.006,-0.172,-1.003,1.018
2020-12-12 9:14:04.5740,-0.007,-0.169,-1.018,1.032
2020-12-12 9:14:04.5840,-0.007,-0.167,-1.026,1.04
2020-12-12 9:14:04.5950,-0.006,-0.166,-1.029,1.042
2020-12-12 9:14:04.6050,-0.002,-0.161,-1.029,1.042
2020-12-12 9:14:04.6150,0.0,-0.162,-1.024,1.037
2020-12-12 9:14:04.6250,-0.003,-0.163,-1.018,1.031
2020-12-12 9:14:04.6350,-0.004,-0.164,-1.012,1.025
2020-12-12 9:14:04.6480,-0.004,-0.163,-1.004,1.017
2020-12-12 9:14:04.6690,-0.002,-0.166,-0.997,1.011
2020-12-12 9:14:04.6700,-0.002,-0.166,-0.997,1.011
2020-12-12 9:14:04.6750,-0.006,-0.166,-0.994,1.008
2020-12-12 9:14:04.6850,-0.007,-0.165,-0.996,1.01
2020-12-12 9:14:04.6950,-0.007,-0.163,-0.996,1.009
2020-12-12 9:14:04.7050,-0.006,-0.16,-0.997,1.01
2020-12-12 9:14:04.7150,-0.006,-0.157,-1.001,1.013
2020-12-12 9:14:04.7250,-0.005,-0.156,-1.005,1.017
2020-12-12 9:14:04.7350,-0.002,-0.156,-1.008,1.02
2020-12-12 9:14:04.7690,0.004,-0.156,-0.99,1.002
2020-12-12 9:14:04.7700,0.004,-0.156,-0.99,1.002
2020-12-12 9:14:04.7700,0.004,-0.156,-0.99,1.002
2020-12-12 9:14:04.7750,0.005,-0.156,-0.982,0.994
2020-12-12 9:14:04.7850,0.004,-0.156,-0.976,0.988
2020-12-12 9:14:04.7960,0.005,-0.159,-0.973,0.986
2020-12-12 9:14:04.8050,0.011,-0.161,-0.974,0.987
2020-12-12 9:14:04.8150,0.013,-0.162,-0.975,0.988
2020-12-12 9:14:04.8250,0.013,-0.164,-0.978,0.992
2020-12-12 9:14:04.8350,0.013,-0.164,-0.983,0.997
2020-12-12 9:14:04.8510,0.014,-0.166,-0.99,1.004
2020-12-12 9:14:04.8720,0.01,-0.164,-0.995,1.008
2020-12-12 9:14:04.8720,0.01,-0.164,-0.995,1.008
2020-12-12 9:14:04.8750,0.008,-0.165,-0.997,1.011
2020-12-12 9:14:04.8850,0.007,-0.166,-0.999,1.013
2020-12-12 9:14:04.8950,0.008,-0.167,-0.996,1.01
2020-12-12 9:14:04.9050,0.01,-0.167,-0.991,1.005
2020-12-12 9:14:04.9160,0.008,-0.165,-0.985,0.999
2020-12-12 9:14:04.9260,0.006,-0.164,-0.977,0.991
2020-12-12 9:14:04.9360,0.005,-0.164,-0.974,0.988
2020-12-12 9:14:04.9720,0.013,-0.161,-0.971,0.984
2020-12-12 9:14:04.9720,0.013,-0.161,-0.971,0.984
2020-12-12 9:14:04.9720,0.013,-0.161,-0.971,0.984
2020-12-12 9:14:04.9750,0.014,-0.158,-0.972,0.985
2020-12-12 9:14:04.9860,0.007,-0.156,-0.97,0.982
2020-12-12 9:14:04.9950,-0.001,-0.159,-0.969,0.982
2020-12-12 9:14:05.0060,-0.003,-0.163,-0.974,0.988
2020-12-12 9:14:05.0160,-0.0,-0.166,-0.975,0.989
2020-12-12 9:14:05.0260,0.002,-0.171,-0.974,0.989
2020-12-12 9:14:05.0360,0.005,-0.174,-0.972,0.987
2020-12-12 9:14:05.0700,-0.002,-0.176,-0.976,0.992
2020-12-12 9:14:05.0710,-0.002,-0.176,-0.976,0.992
2020-12-12 9:14:05.0710,-0.002,-0.176,-0.976,0.992
2020-12-12 9:14:05.0750,-0.005,-0.177,-0.976,0.992
2020-12-12 9:14:05.0860,-0.003,-0.176,-0.977,0.993
2020-12-12 9:14:05.0960,-0.002,-0.176,-0.977,0.993
2020-12-12 9:14:05.1060,-0.003,-0.177,-0.977,0.993
2020-12-12 9:14:05.1160,-0.004,-0.176,-0.978,0.994
2020-12-12 9:14:05.1260,-0.001,-0.176,-0.982,0.998
2020-12-12 9:14:05.1360,0.002,-0.173,-0.986,1.001
2020-12-12 9:14:05.1510,0.005,-0.171,-0.989,1.004
2020-12-12 9:14:05.1720,0.007,-0.166,-0.989,1.003
2020-12-12 9:14:05.1720,0.007,-0.166,-0.989,1.003
2020-12-12 9:14:05.1760,0.011,-0.165,-0.988,1.002
2020-12-12 9:14:05.1860,0.014,-0.164,-0.987,1.001
2020-12-12 9:14:05.1960,0.014,-0.164,-0.985,0.999
2020-12-12 9:14:05.2060,0.015,-0.166,-0.985,0.999
2020-12-12 9:14:05.2160,0.016,-0.167,-0.989,1.003
2020-12-12 9:14:05.2270,0.019,-0.168,-0.987,1.001
2020-12-12 9:14:05.2360,0.023,-0.173,-0.98,0.995
2020-12-12 9:14:05.2510,0.019,-0.176,-0.982,0.998
2020-12-12 9:14:05.2730,0.016,-0.174,-0.983,0.998
2020-12-12 9:14:05.2730,0.016,-0.174,-0.983,0.998
2020-12-12 9:14:05.2760,0.018,-0.175,-0.985,1.001
2020-12-12 9:14:05.2860,0.021,-0.176,-0.989,1.005
2020-12-12 9:14:05.2960,0.021,-0.179,-0.991,1.007
2020-12-12 9:14:05.3060,0.018,-0.183,-0.99,1.007
2020-12-12 9:14:05.3170,0.016,-0.185,-0.987,1.004
2020-12-12 9:14:05.3270,0.009,-0.186,-0.985,1.002
2020-12-12 9:14:05.3370,0.012,-0.185,-0.982,0.999
2020-12-12 9:14:05.3470,0.013,-0.183,-0.982,0.999
2020-12-12 9:14:05.3720,0.015,-0.181,-0.985,1.002
2020-12-12 9:14:05.3730,0.015,-0.181,-0.985,1.002
2020-12-12 9:14:05.3760,0.018,-0.179,-0.987,1.003
2020-12-12 9:14:05.3860,0.017,-0.177,-0.99,1.006
2020-12-12 9:14:05.3960,0.011,-0.178,-0.99,1.006
2020-12-12 9:14:05.4060,0.01,-0.176,-0.986,1.002
2020-12-12 9:14:05.4160,0.003,-0.176,-0.984,1.0
2020-12-12 9:14:05.4260,0.0,-0.174,-0.984,0.999
2020-12-12 9:14:05.4360,0.006,-0.172,-0.977,0.992
2020-12-12 9:14:05.4550,0.009,-0.172,-0.972,0.987
2020-12-12 9:14:05.4560,0.012,-0.172,-0.968,0.983
2020-12-12 9:14:05.4660,0.011,-0.173,-0.966,0.981
2020-12-12 9:14:05.4760,0.009,-0.173,-0.963,0.978
2020-12-12 9:14:05.4860,0.01,-0.173,-0.966,0.981
2020-12-12 9:14:05.4960,0.01,-0.173,-0.971,0.986
2020-12-12 9:14:05.5060,0.012,-0.174,-0.974,0.989
2020-12-12 9:14:05.5160,0.012,-0.173,-0.978,0.993
2020-12-12 9:14:05.5260,0.012,-0.172,-0.982,0.997
2020-12-12 9:14:05.5360,0.013,-0.172,-0.983,0.998
2020-12-12 9:14:05.5520,0.014,-0.172,-0.986,1.001
2020-12-12 9:14:05.5560,0.014,-0.171,-0.988,1.003
2020-12-12 9:14:05.5660,0.011,-0.17,-0.99,1.005
2020-12-12 9:14:05.5760,0.01,-0.17,-0.994,1.008
2020-12-12 9:14:05.5860,0.009,-0.171,-0.991,1.006
2020-12-12 9:14:05.5960,0.01,-0.171,-0.983,0.998
2020-12-12 9:14:05.6060,0.013,-0.172,-0.974,0.989
2020-12-12 9:14:05.6160,0.015,-0.173,-0.967,0.982
2020-12-12 9:14:05.6260,0.017,-0.173,-0.963,0.979
2020-12-12 9:14:05.6360,0.017,-0.174,-0.959,0.975
2020-12-12 9:14:05.6470,0.021,-0.174,-0.956,0.972
2020-12-12 9:14:05.6570,0.024,-0.172,-0.957,0.973
2020-12-12 9:14:05.6670,0.022,-0.168,-0.962,0.977
2020-12-12 9:14:05.6760,0.018,-0.167,-0.971,0.985
2020-12-12 9:14:05.6860,0.017,-0.169,-0.973,0.988
2020-12-12 9:14:05.6970,0.015,-0.172,-0.973,0.988
2020-12-12 9:14:05.7060,0.011,-0.171,-0.972,0.987
2020-12-12 9:14:05.7170,0.01,-0.173,-0.969,0.984
2020-12-12 9:14:05.7270,0.009,-0.172,-0.97,0.985
2020-12-12 9:14:05.7370,0.011,-0.17,-0.971,0.986
2020-12-12 9:14:05.7630,0.01,-0.174,-0.973,0.988
2020-12-12 9:14:05.7630,0.01,-0.174,-0.973,0.988
2020-12-12 9:14:05.7660,0.011,-0.174,-0.972,0.988
2020-12-12 9:14:05.7770,0.012,-0.174,-0.974,0.989
2020-12-12 9:14:05.7870,0.014,-0.172,-0.978,0.993
2020-12-12 9:14:05.7970,0.015,-0.169,-0.984,0.999
2020-12-12 9:14:05.8070,0.012,-0.167,-0.995,1.009
2020-12-12 9:14:05.8170,0.017,-0.164,-0.999,1.013
2020-12-12 9:14:05.8270,0.022,-0.162,-1.002,1.015
2020-12-12 9:14:05.8370,0.024,-0.163,-1.008,1.021
2020-12-12 9:14:05.8510,0.035,-0.164,-1.011,1.025
2020-12-12 9:14:05.8700,0.029,-0.163,-1.018,1.031
2020-12-12 9:14:05.8700,0.029,-0.163,-1.018,1.031
2020-12-12 9:14:05.8770,0.038,-0.159,-1.019,1.032
2020-12-12 9:14:05.8870,0.022,-0.162,-1.002,1.015
2020-12-12 9:14:05.8970,-0.0,-0.174,-0.992,1.007
2020-12-12 9:14:05.9070,-0.008,-0.173,-0.977,0.992
2020-12-12 9:14:05.9180,0.001,-0.169,-0.964,0.979
2020-12-12 9:14:05.9270,0.011,-0.168,-0.956,0.971
2020-12-12 9:14:05.9380,0.015,-0.166,-0.952,0.966
2020-12-12 9:14:05.9700,0.009,-0.166,-0.976,0.99
2020-12-12 9:14:05.9700,0.009,-0.166,-0.976,0.99
2020-12-12 9:14:05.9700,0.009,-0.166,-0.976,0.99
2020-12-12 9:14:05.9770,0.009,-0.162,-0.988,1.001
2020-12-12 9:14:05.9870,0.012,-0.158,-1.003,1.015
2020-12-12 9:14:05.9970,0.015,-0.156,-1.015,1.027
2020-12-12 9:14:06.0070,0.014,-0.157,-1.022,1.034
2020-12-12 9:14:06.0180,0.012,-0.156,-1.024,1.036
2020-12-12 9:14:06.0270,0.013,-0.151,-1.021,1.032
2020-12-12 9:14:06.0380,0.009,-0.152,-1.016,1.027
2020-12-12 9:14:06.0750,0.005,-0.155,-0.981,0.993
2020-12-12 9:14:06.0750,0.005,-0.155,-0.981,0.993
2020-12-12 9:14:06.0760,0.005,-0.155,-0.981,0.993
2020-12-12 9:14:06.0770,-0.001,-0.156,-0.972,0.984
2020-12-12 9:14:06.0880,-0.003,-0.157,-0.97,0.983
2020-12-12 9:14:06.0980,-0.001,-0.156,-0.969,0.981
2020-12-12 9:14:06.1080,0.001,-0.153,-0.97,0.982
2020-12-12 9:14:06.1180,0.001,-0.152,-0.971,0.983
2020-12-12 9:14:06.1280,-0.001,-0.153,-0.97,0.982
2020-12-12 9:14:06.1380,-0.004,-0.153,-0.971,0.983
2020-12-12 9:14:06.1750,-0.008,-0.16,-0.98,0.993
2020-12-12 9:14:06.1750,-0.008,-0.16,-0.98,0.993
2020-12-12 9:14:06.1750,-0.008,-0.16,-0.98,0.993
2020-12-12 9:14:06.1770,-0.009,-0.163,-0.98,0.994
2020-12-12 9:14:06.1880,-0.012,-0.163,-0.984,0.997
2020-12-12 9:14:06.1980,-0.012,-0.164,-0.99,1.004
2020-12-12 9:14:06.2080,-0.011,-0.166,-0.992,1.006
2020-12-12 9:14:06.2180,-0.008,-0.169,-0.996,1.01
2020-12-12 9:14:06.2280,-0.006,-0.169,-1.002,1.016
2020-12-12 9:14:06.2380,-0.005,-0.169,-1.004,1.018
2020-12-12 9:14:06.2740,-0.003,-0.174,-1.016,1.031
2020-12-12 9:14:06.2750,-0.003,-0.174,-1.016,1.031
2020-12-12 9:14:06.2750,-0.003,-0.174,-1.016,1.031
2020-12-12 9:14:06.2780,-0.0,-0.173,-1.02,1.035
2020-12-12 9:14:06.2880,0.003,-0.174,-1.016,1.031
2020-12-12 9:14:06.2980,0.005,-0.177,-1.009,1.024
2020-12-12 9:14:06.3080,0.006,-0.177,-0.999,1.015
2020-12-12 9:14:06.3180,0.006,-0.173,-0.988,1.003
2020-12-12 9:14:06.3280,0.004,-0.171,-0.975,0.99
2020-12-12 9:14:06.3390,0.003,-0.172,-0.962,0.977
2020-12-12 9:14:06.3540,0.002,-0.17,-0.955,0.97
2020-12-12 9:14:06.3760,0.004,-0.166,-0.957,0.971
2020-12-12 9:14:06.3760,0.004,-0.166,-0.957,0.971
2020-12-12 9:14:06.3780,0.003,-0.165,-0.958,0.972
2020-12-12 9:14:06.3880,0.002,-0.167,-0.96,0.974
2020-12-12 9:14:06.3980,0.002,-0.167,-0.962,0.976
2020-12-12 9:14:06.4080,-0.001,-0.166,-0.967,0.981
2020-12-12 9:14:06.4180,-0.001,-0.166,-0.97,0.984
2020-12-12 9:14:06.4290,0.001,-0.167,-0.971,0.985
2020-12-12 9:14:06.4390,0.002,-0.17,-0.975,0.99
2020-12-12 9:14:06.4750,0.004,-0.171,-0.986,1.001
2020-12-12 9:14:06.4750,0.004,-0.171,-0.986,1.001
2020-12-12 9:14:06.4750,0.004,-0.171,-0.986,1.001
2020-12-12 9:14:06.4780,0.009,-0.171,-0.987,1.002
2020-12-12 9:14:06.4880,0.009,-0.173,-0.985,1.0
2020-12-12 9:14:06.4980,0.005,-0.176,-0.983,0.999
2020-12-12 9:14:06.5090,0.004,-0.178,-0.98,0.996
2020-12-12 9:14:06.5190,0.004,-0.179,-0.979,0.995
2020-12-12 9:14:06.5290,0.005,-0.181,-0.975,0.992
2020-12-12 9:14:06.5390,0.006,-0.181,-0.972,0.989
2020-12-12 9:14:06.5540,0.004,-0.18,-0.972,0.989
2020-12-12 9:14:06.5750,0.006,-0.177,-0.972,0.988
2020-12-12 9:14:06.5760,0.006,-0.177,-0.972,0.988
2020-12-12 9:14:06.5780,0.008,-0.176,-0.972,0.988
2020-12-12 9:14:06.5890,0.01,-0.174,-0.973,0.988
2020-12-12 9:14:06.5990,0.008,-0.172,-0.971,0.986
2020-12-12 9:14:06.6090,0.005,-0.172,-0.972,0.987
2020-12-12 9:14:06.6190,0.002,-0.173,-0.972,0.987
2020-12-12 9:14:06.6290,0.0,-0.173,-0.974,0.989
2020-12-12 9:14:06.6390,0.001,-0.173,-0.974,0.989
2020-12-12 9:14:06.6540,0.002,-0.172,-0.97,0.985
2020-12-12 9:14:06.6760,-0.001,-0.172,-0.959,0.974
2020-12-12 9:14:06.6760,-0.001,-0.172,-0.959,0.974
2020-12-12 9:14:06.6780,-0.0,-0.172,-0.957,0.972
2020-12-12 9:14:06.6890,0.003,-0.171,-0.961,0.976
2020-12-12 9:14:06.6990,0.005,-0.168,-0.965,0.98
2020-12-12 9:14:06.7090,0.005,-0.165,-0.974,0.988
2020-12-12 9:14:06.7190,0.002,-0.165,-0.984,0.998
2020-12-12 9:14:06.7290,0.001,-0.168,-0.992,1.006
2020-12-12 9:14:06.7390,0.003,-0.169,-0.995,1.009
2020-12-12 9:14:06.7690,-0.001,-0.17,-0.995,1.009
2020-12-12 9:14:06.7690,-0.001,-0.17,-0.995,1.009
2020-12-12 9:14:06.7690,-0.001,-0.17,-0.995,1.009
2020-12-12 9:14:06.7790,-0.004,-0.17,-0.999,1.013
2020-12-12 9:14:06.7890,-0.002,-0.172,-1.004,1.019
2020-12-12 9:14:06.7990,0.001,-0.174,-1.008,1.023
2020-12-12 9:14:06.8090,0.004,-0.175,-1.009,1.024
2020-12-12 9:14:06.8190,0.003,-0.174,-1.011,1.026
2020-12-12 9:14:06.8290,0.005,-0.175,-1.01,1.025
2020-12-12 9:14:06.8400,0.007,-0.176,-1.006,1.021
2020-12-12 9:14:06.8540,-0.001,-0.171,-1.022,1.036
2020-12-12 9:14:06.8780,0.011,-0.192,-0.983,1.002
2020-12-12 9:14:06.8780,0.011,-0.192,-0.983,1.002
2020-12-12 9:14:06.8790,0.03,-0.203,-0.999,1.02
2020-12-12 9:14:06.8890,0.019,-0.184,-0.982,0.999
2020-12-12 9:14:06.8990,0.001,-0.168,-0.977,0.991
2020-12-12 9:14:06.9090,-0.01,-0.166,-0.972,0.986
2020-12-12 9:14:06.9200,0.002,-0.189,-0.949,0.968
2020-12-12 9:14:06.9290,0.013,-0.192,-0.956,0.975
2020-12-12 9:14:06.9390,0.01,-0.178,-0.964,0.98
2020-12-12 9:14:06.9740,0.002,-0.171,-0.986,1.001
2020-12-12 9:14:06.9740,0.002,-0.171,-0.986,1.001
2020-12-12 9:14:06.9740,0.002,-0.171,-0.986,1.001
2020-12-12 9:14:06.9790,0.001,-0.171,-0.994,1.009
2020-12-12 9:14:06.9900,-0.001,-0.165,-0.998,1.012
2020-12-12 9:14:06.9990,0.009,-0.169,-0.991,1.005
2020-12-12 9:14:07.0090,0.012,-0.173,-0.991,1.006
2020-12-12 9:14:07.0200,0.007,-0.173,-0.986,1.001
2020-12-12 9:14:07.0300,0.007,-0.172,-0.983,0.998
2020-12-12 9:14:07.0400,0.005,-0.17,-0.985,1.0
2020-12-12 9:14:07.0550,0.01,-0.172,-0.976,0.991
2020-12-12 9:14:07.0760,0.015,-0.18,-0.975,0.992
2020-12-12 9:14:07.0760,0.015,-0.18,-0.975,0.992
2020-12-12 9:14:07.0790,0.006,-0.176,-0.975,0.991
2020-12-12 9:14:07.0890,0.001,-0.177,-0.975,0.991
2020-12-12 9:14:07.1000,0.003,-0.182,-0.976,0.993
2020-12-12 9:14:07.1100,0.004,-0.181,-0.98,0.997
2020-12-12 9:14:07.1200,0.012,-0.184,-0.977,0.994
2020-12-12 9:14:07.1300,0.015,-0.185,-0.979,0.996
2020-12-12 9:14:07.1400,0.011,-0.18,-0.978,0.994
2020-12-12 9:14:07.1750,0.006,-0.177,-0.975,0.991
2020-12-12 9:14:07.1750,0.006,-0.177,-0.975,0.991
2020-12-12 9:14:07.1750,0.006,-0.177,-0.975,0.991
2020-12-12 9:14:07.1800,0.007,-0.181,-0.975,0.992
2020-12-12 9:14:07.1900,0.006,-0.18,-0.974,0.991
2020-12-12 9:14:07.2000,0.004,-0.176,-0.973,0.989
2020-12-12 9:14:07.2100,-0.0,-0.174,-0.977,0.992
2020-12-12 9:14:07.2200,0.002,-0.176,-0.973,0.989
2020-12-12 9:14:07.2300,0.015,-0.186,-0.972,0.99
2020-12-12 9:14:07.2400,0.008,-0.182,-0.979,0.996
2020-12-12 9:14:07.2530,-0.003,-0.174,-0.987,1.002
2020-12-12 9:14:07.2750,0.013,-0.181,-0.984,1.001
2020-12-12 9:14:07.2750,0.013,-0.181,-0.984,1.001
2020-12-12 9:14:07.2800,0.011,-0.186,-0.99,1.007
2020-12-12 9:14:07.2900,0.008,-0.184,-0.978,0.995
2020-12-12 9:14:07.3000,0.01,-0.184,-0.975,0.992
2020-12-12 9:14:07.3100,0.005,-0.183,-0.975,0.992
2020-12-12 9:14:07.3200,0.004,-0.185,-0.967,0.985
2020-12-12 9:14:07.3310,0.002,-0.187,-0.969,0.987
2020-12-12 9:14:07.3400,0.008,-0.189,-0.971,0.989
2020-12-12 9:14:07.3740,0.01,-0.187,-0.995,1.012
2020-12-12 9:14:07.3740,0.01,-0.187,-0.995,1.012
2020-12-12 9:14:07.3740,0.01,-0.187,-0.995,1.012
2020-12-12 9:14:07.3800,0.022,-0.195,-0.993,1.012
2020-12-12 9:14:07.3900,0.019,-0.191,-0.993,1.011
2020-12-12 9:14:07.4000,0.009,-0.18,-0.989,1.005
2020-12-12 9:14:07.4100,0.006,-0.179,-0.981,0.997
2020-12-12 9:14:07.4200,0.008,-0.182,-0.975,0.992
2020-12-12 9:14:07.4300,0.008,-0.184,-0.973,0.99
2020-12-12 9:14:07.4400,0.008,-0.185,-0.97,0.988
2020-12-12 9:14:07.4560,0.01,-0.188,-0.969,0.987
2020-12-12 9:14:07.4760,-0.009,-0.171,-0.98,0.995
2020-12-12 9:14:07.4760,-0.009,-0.171,-0.98,0.995
2020-12-12 9:14:07.4800,0.019,-0.187,-0.975,0.993
2020-12-12 9:14:07.4900,0.025,-0.192,-0.98,0.999
2020-12-12 9:14:07.5000,0.014,-0.181,-0.989,1.006
2020-12-12 9:14:07.5100,0.008,-0.176,-0.994,1.009
2020-12-12 9:14:07.5200,0.008,-0.179,-0.995,1.011
2020-12-12 9:14:07.5300,0.01,-0.183,-0.995,1.012
2020-12-12 9:14:07.5410,0.011,-0.184,-0.991,1.008
2020-12-12 9:14:07.5560,0.012,-0.184,-0.982,0.999
2020-12-12 9:14:07.5760,0.01,-0.183,-0.975,0.992
2020-12-12 9:14:07.5770,0.01,-0.183,-0.975,0.992
2020-12-12 9:14:07.5800,0.009,-0.183,-0.975,0.992
2020-12-12 9:14:07.5910,0.008,-0.182,-0.978,0.995
2020-12-12 9:14:07.6000,0.009,-0.182,-0.98,0.997
2020-12-12 9:14:07.6110,0.01,-0.182,-0.983,1.0
2020-12-12 9:14:07.6210,0.009,-0.183,-0.981,0.998
2020-12-12 9:14:07.6310,0.007,-0.181,-0.98,0.997
2020-12-12 9:14:07.6410,0.009,-0.18,-0.982,0.998
2020-12-12 9:14:07.6760,0.012,-0.177,-0.979,0.995
2020-12-12 9:14:07.6770,0.012,-0.177,-0.979,0.995
2020-12-12 9:14:07.6770,0.012,-0.177,-0.979,0.995
2020-12-12 9:14:07.6810,0.007,-0.178,-0.977,0.993
2020-12-12 9:14:07.6910,0.008,-0.179,-0.973,0.989
2020-12-12 9:14:07.7010,0.009,-0.182,-0.968,0.985
2020-12-12 9:14:07.7110,0.008,-0.181,-0.964,0.981
2020-12-12 9:14:07.7210,0.009,-0.181,-0.965,0.982
2020-12-12 9:14:07.7310,0.01,-0.18,-0.969,0.986
2020-12-12 9:14:07.7410,0.009,-0.178,-0.975,0.991
2020-12-12 9:14:07.7760,0.007,-0.181,-0.991,1.007
2020-12-12 9:14:07.7770,0.007,-0.181,-0.991,1.007
2020-12-12 9:14:07.7770,0.007,-0.181,-0.991,1.007
2020-12-12 9:14:07.7810,0.006,-0.181,-0.992,1.008
2020-12-12 9:14:07.7910,0.005,-0.181,-0.989,1.005
2020-12-12 9:14:07.8010,0.005,-0.182,-0.983,1.0
2020-12-12 9:14:07.8110,0.011,-0.182,-0.973,0.99
2020-12-12 9:14:07.8210,0.012,-0.182,-0.969,0.986
2020-12-12 9:14:07.8310,0.007,-0.184,-0.962,0.979
2020-12-12 9:14:07.8420,0.008,-0.188,-0.955,0.973
2020-12-12 9:14:07.8560,0.008,-0.187,-0.951,0.969
2020-12-12 9:14:07.8780,0.006,-0.183,-0.952,0.969
2020-12-12 9:14:07.8780,0.006,-0.183,-0.952,0.969
2020-12-12 9:14:07.8810,0.007,-0.182,-0.955,0.972
2020-12-12 9:14:07.8910,0.005,-0.181,-0.957,0.974
2020-12-12 9:14:07.9010,0.002,-0.179,-0.957,0.974
2020-12-12 9:14:07.9110,0.001,-0.178,-0.957,0.973
2020-12-12 9:14:07.9210,0.003,-0.177,-0.958,0.974
2020-12-12 9:14:07.9310,0.002,-0.179,-0.955,0.972
2020-12-12 9:14:07.9410,0.002,-0.179,-0.95,0.967
2020-12-12 9:14:07.9760,0.011,-0.179,-0.967,0.983
2020-12-12 9:14:07.9770,0.011,-0.179,-0.967,0.983
2020-12-12 9:14:07.9770,0.011,-0.179,-0.967,0.983
2020-12-12 9:14:07.9810,0.008,-0.181,-0.982,0.999
2020-12-12 9:14:07.9910,0.008,-0.18,-1.001,1.017
2020-12-12 9:14:08.0010,0.008,-0.178,-1.022,1.037
2020-12-12 9:14:08.0120,0.007,-0.173,-1.04,1.054
2020-12-12 9:14:08.0210,0.007,-0.169,-1.045,1.059
2020-12-12 9:14:08.0320,0.001,-0.17,-1.044,1.058
2020-12-12 9:14:08.0420,0.002,-0.161,-1.038,1.05
2020-12-12 9:14:08.0770,0.006,-0.168,-0.996,1.01
2020-12-12 9:14:08.0770,0.006,-0.168,-0.996,1.01
2020-12-12 9:14:08.0770,0.006,-0.168,-0.996,1.01
2020-12-12 9:14:08.0810,0.001,-0.167,-0.981,0.995
2020-12-12 9:14:08.0920,0.001,-0.165,-0.967,0.981
2020-12-12 9:14:08.1010,0.006,-0.164,-0.963,0.977
2020-12-12 9:14:08.1120,0.007,-0.162,-0.964,0.978
2020-12-12 9:14:08.1220,0.007,-0.16,-0.967,0.98
2020-12-12 9:14:08.1320,0.006,-0.159,-0.974,0.987
2020-12-12 9:14:08.1420,0.008,-0.157,-0.978,0.991
2020-12-12 9:14:08.1770,0.007,-0.153,-0.986,0.998
2020-12-12 9:14:08.1770,0.007,-0.153,-0.986,0.998
2020-12-12 9:14:08.1780,0.007,-0.153,-0.986,0.998
2020-12-12 9:14:08.1820,0.003,-0.154,-0.991,1.003
2020-12-12 9:14:08.1920,0.003,-0.157,-0.992,1.004
2020-12-12 9:14:08.2020,0.003,-0.157,-0.997,1.009
2020-12-12 9:14:08.2120,0.004,-0.158,-1.001,1.013
2020-12-12 9:14:08.2220,0.006,-0.159,-1.002,1.015
2020-12-12 9:14:08.2320,0.005,-0.161,-1.004,1.017
2020-12-12 9:14:08.2420,0.007,-0.162,-1.005,1.018
2020-12-12 9:14:08.2570,0.009,-0.163,-1.004,1.017
2020-12-12 9:14:08.2780,0.01,-0.167,-0.996,1.01
2020-12-12 9:14:08.2780,0.01,-0.167,-0.996,1.01
2020-12-12 9:14:08.2810,0.008,-0.168,-0.988,1.002
2020-12-12 9:14:08.2920,0.006,-0.168,-0.985,0.999
2020-12-12 9:14:08.3020,0.005,-0.168,-0.984,0.998
2020-12-12 9:14:08.3110,0.005,-0.168,-0.984,0.998
2020-12-12 9:14:08.3220,0.008,-0.167,-0.984,0.998
2020-12-12 9:14:08.3320,0.011,-0.165,-0.983,0.997
2020-12-12 9:14:08.3420,0.009,-0.162,-0.983,0.996
2020-12-12 9:14:08.3780,0.013,-0.164,-0.961,0.975
2020-12-12 9:14:08.3780,0.013,-0.164,-0.961,0.975
2020-12-12 9:14:08.3780,0.013,-0.164,-0.961,0.975
2020-12-12 9:14:08.3820,0.013,-0.162,-0.955,0.969
2020-12-12 9:14:08.3920,0.012,-0.161,-0.952,0.966
2020-12-12 9:14:08.4020,0.014,-0.158,-0.952,0.965
2020-12-12 9:14:08.4120,0.013,-0.156,-0.953,0.966
2020-12-12 9:14:08.4230,0.011,-0.157,-0.956,0.969
2020-12-12 9:14:08.4320,0.01,-0.16,-0.962,0.975
2020-12-12 9:14:08.4430,0.013,-0.161,-0.967,0.98
2020-12-12 9:14:08.4570,0.013,-0.162,-0.971,0.985
2020-12-12 9:14:08.4790,0.004,-0.162,-0.985,0.998
2020-12-12 9:14:08.4790,0.004,-0.162,-0.985,0.998
2020-12-12 9:14:08.4820,0.005,-0.165,-0.992,1.006
2020-12-12 9:14:08.4920,0.009,-0.164,-1.0,1.013
2020-12-12 9:14:08.5020,0.007,-0.164,-1.008,1.021
2020-12-12 9:14:08.5120,0.005,-0.165,-1.013,1.026
2020-12-12 9:14:08.5220,0.005,-0.167,-1.017,1.031
2020-12-12 9:14:08.5320,0.007,-0.167,-1.014,1.028
2020-12-12 9:14:08.5420,0.007,-0.167,-1.01,1.024
2020-12-12 9:14:08.5780,0.011,-0.167,-0.994,1.008
2020-12-12 9:14:08.5780,0.011,-0.167,-0.994,1.008
2020-12-12 9:14:08.5780,0.011,-0.167,-0.994,1.008
2020-12-12 9:14:08.5820,0.008,-0.167,-0.99,1.004
2020-12-12 9:14:08.5930,0.007,-0.167,-0.987,1.001
2020-12-12 9:14:08.6020,0.007,-0.166,-0.987,1.001
2020-12-12 9:14:08.6130,0.007,-0.165,-0.984,0.998
2020-12-12 9:14:08.6230,0.01,-0.162,-0.979,0.992
2020-12-12 9:14:08.6330,0.01,-0.158,-0.977,0.99
2020-12-12 9:14:08.6430,0.008,-0.157,-0.977,0.99
2020-12-12 9:14:08.6680,0.005,-0.16,-0.98,0.993
2020-12-12 9:14:08.6680,0.005,-0.16,-0.98,0.993
2020-12-12 9:14:08.6730,0.006,-0.158,-0.983,0.996
2020-12-12 9:14:08.6820,0.007,-0.155,-0.984,0.996
2020-12-12 9:14:08.6930,0.006,-0.154,-0.984,0.996
2020-12-12 9:14:08.7030,0.005,-0.156,-0.985,0.997
2020-12-12 9:14:08.7130,0.006,-0.158,-0.986,0.999
2020-12-12 9:14:08.7230,0.01,-0.158,-0.986,0.999
2020-12-12 9:14:08.7330,0.013,-0.157,-0.984,0.997
2020-12-12 9:14:08.7430,0.014,-0.156,-0.985,0.997
2020-12-12 9:14:08.7580,0.015,-0.159,-0.986,0.999
2020-12-12 9:14:08.7790,0.016,-0.162,-0.988,1.001
2020-12-12 9:14:08.7790,0.016,-0.162,-0.988,1.001
2020-12-12 9:14:08.7820,0.017,-0.164,-0.99,1.004
2020-12-12 9:14:08.7920,0.017,-0.164,-0.99,1.004
2020-12-12 9:14:08.8030,0.016,-0.166,-0.989,1.003
2020-12-12 9:14:08.8130,0.015,-0.165,-0.987,1.001
2020-12-12 9:14:08.8230,0.012,-0.164,-0.984,0.998
2020-12-12 9:14:08.8330,0.01,-0.163,-0.981,0.994
2020-12-12 9:14:08.8430,0.009,-0.163,-0.98,0.994
2020-12-12 9:14:08.8580,0.006,-0.163,-0.98,0.993
2020-12-12 9:14:08.8800,0.0,-0.16,-0.982,0.995
2020-12-12 9:14:08.8800,0.0,-0.16,-0.982,0.995
2020-12-12 9:14:08.8820,0.001,-0.16,-0.982,0.995
2020-12-12 9:14:08.8930,0.001,-0.159,-0.982,0.995
2020-12-12 9:14:08.9030,0.001,-0.159,-0.977,0.99
2020-12-12 9:14:08.9130,-0.0,-0.16,-0.973,0.986
2020-12-12 9:14:08.9230,0.0,-0.16,-0.972,0.985
2020-12-12 9:14:08.9330,0.001,-0.16,-0.973,0.986
2020-12-12 9:14:08.9440,0.002,-0.163,-0.975,0.989
2020-12-12 9:14:08.9580,0.006,-0.163,-0.982,0.995
2020-12-12 9:14:08.9790,0.009,-0.16,-0.99,1.003
2020-12-12 9:14:08.9800,0.009,-0.16,-0.99,1.003
2020-12-12 9:14:08.9830,0.01,-0.16,-0.993,1.006
2020-12-12 9:14:08.9930,0.014,-0.161,-0.993,1.006
2020-12-12 9:14:09.0030,0.017,-0.16,-0.993,1.006
2020-12-12 9:14:09.0140,0.018,-0.162,-0.991,1.004
2020-12-12 9:14:09.0230,0.019,-0.164,-0.992,1.006
2020-12-12 9:14:09.0340,0.023,-0.165,-0.99,1.004
2020-12-12 9:14:09.0430,0.023,-0.165,-0.986,1.0
2020-12-12 9:14:09.0590,0.017,-0.164,-0.985,0.999
2020-12-12 9:14:09.0800,0.014,-0.165,-0.976,0.99
2020-12-12 9:14:09.0810,0.014,-0.165,-0.976,0.99
2020-12-12 9:14:09.0830,0.017,-0.167,-0.974,0.988
2020-12-12 9:14:09.0930,0.013,-0.164,-0.974,0.988
2020-12-12 9:14:09.1030,0.004,-0.162,-0.975,0.988
2020-12-12 9:14:09.1130,0.003,-0.162,-0.977,0.99
2020-12-12 9:14:09.1240,0.006,-0.164,-0.978,0.992
2020-12-12 9:14:09.1340,0.01,-0.162,-0.977,0.99
2020-12-12 9:14:09.1440,0.007,-0.161,-0.975,0.988
2020-12-12 9:14:09.1580,0.007,-0.162,-0.976,0.989
2020-12-12 9:14:09.1800,0.007,-0.163,-0.976,0.99
2020-12-12 9:14:09.1800,0.007,-0.163,-0.976,0.99
2020-12-12 9:14:09.1830,0.005,-0.162,-0.985,0.998
2020-12-12 9:14:09.1930,0.005,-0.16,-0.998,1.011
2020-12-12 9:14:09.2030,0.009,-0.16,-1.01,1.023
2020-12-12 9:14:09.2140,0.011,-0.161,-1.017,1.03
2020-12-12 9:14:09.2240,0.011,-0.162,-1.019,1.032
2020-12-12 9:14:09.2340,0.016,-0.164,-1.015,1.028
2020-12-12 9:14:09.2440,0.021,-0.165,-1.006,1.02
2020-12-12 9:14:09.2590,0.021,-0.166,-0.991,1.005
2020-12-12 9:14:09.2800,0.012,-0.169,-0.975,0.99
2020-12-12 9:14:09.2800,0.012,-0.169,-0.975,0.99
2020-12-12 9:14:09.2830,0.013,-0.17,-0.979,0.994
2020-12-12 9:14:09.2940,0.016,-0.169,-0.985,1.0
2020-12-12 9:14:09.3040,0.014,-0.167,-0.988,1.002
2020-12-12 9:14:09.3140,0.011,-0.165,-0.994,1.008
2020-12-12 9:14:09.3240,0.013,-0.163,-1.0,1.013
2020-12-12 9:14:09.3340,0.016,-0.164,-1.0,1.013
2020-12-12 9:14:09.3440,0.016,-0.165,-0.994,1.008
2020-12-12 9:14:09.3790,0.007,-0.172,-0.968,0.983
2020-12-12 9:14:09.3800,0.007,-0.172,-0.968,0.983
2020-12-12 9:14:09.3800,0.007,-0.172,-0.968,0.983
2020-12-12 9:14:09.3840,0.008,-0.173,-0.962,0.977
2020-12-12 9:14:09.3940,0.009,-0.172,-0.96,0.975
2020-12-12 9:14:09.4040,0.011,-0.171,-0.963,0.978
2020-12-12 9:14:09.4140,0.014,-0.172,-0.968,0.983
2020-12-12 9:14:09.4240,0.015,-0.173,-0.973,0.988
2020-12-12 9:14:09.4350,0.013,-0.172,-0.978,0.993
2020-12-12 9:14:09.4440,0.013,-0.171,-0.981,0.996
2020-12-12 9:14:09.4800,0.01,-0.17,-0.976,0.991
2020-12-12 9:14:09.4810,0.01,-0.17,-0.976,0.991
2020-12-12 9:14:09.4810,0.01,-0.17,-0.976,0.991
2020-12-12 9:14:09.4840,0.011,-0.171,-0.975,0.99
2020-12-12 9:14:09.4940,0.011,-0.172,-0.973,0.988
2020-12-12 9:14:09.5040,0.011,-0.176,-0.973,0.989
2020-12-12 9:14:09.5150,0.01,-0.176,-0.979,0.995
2020-12-12 9:14:09.5250,0.011,-0.173,-0.99,1.005
2020-12-12 9:14:09.5350,0.014,-0.172,-1.001,1.016
2020-12-12 9:14:09.5440,0.014,-0.173,-1.011,1.026
2020-12-12 9:14:09.5600,0.013,-0.173,-1.019,1.034
2020-12-12 9:14:09.5810,0.012,-0.174,-1.022,1.037
2020-12-12 9:14:09.5810,0.012,-0.174,-1.022,1.037
2020-12-12 9:14:09.5840,0.013,-0.176,-1.017,1.032
2020-12-12 9:14:09.5940,0.014,-0.176,-1.006,1.021
2020-12-12 9:14:09.6040,0.012,-0.178,-0.994,1.01
2020-12-12 9:14:09.6140,0.009,-0.181,-0.98,0.997
2020-12-12 9:14:09.6250,0.007,-0.183,-0.968,0.985
2020-12-12 9:14:09.6340,0.007,-0.185,-0.959,0.977
2020-12-12 9:14:09.6450,0.005,-0.185,-0.954,0.972
2020-12-12 9:14:09.6790,0.005,-0.185,-0.956,0.974
2020-12-12 9:14:09.6790,0.005,-0.185,-0.956,0.974
2020-12-12 9:14:09.6800,0.005,-0.185,-0.956,0.974
2020-12-12 9:14:09.6840,0.004,-0.184,-0.955,0.973
2020-12-12 9:14:09.6950,0.005,-0.184,-0.954,0.972
2020-12-12 9:14:09.7040,0.005,-0.183,-0.952,0.969
2020-12-12 9:14:09.7150,0.008,-0.184,-0.951,0.969
2020-12-12 9:14:09.7250,0.01,-0.185,-0.951,0.969
2020-12-12 9:14:09.7350,0.009,-0.185,-0.954,0.972
2020-12-12 9:14:09.7450,0.01,-0.182,-0.965,0.982
2020-12-12 9:14:09.7810,0.021,-0.178,-1.007,1.023
2020-12-12 9:14:09.7820,0.021,-0.178,-1.007,1.023
2020-12-12 9:14:09.7820,0.021,-0.178,-1.007,1.023
2020-12-12 9:14:09.7840,0.023,-0.175,-1.015,1.03
2020-12-12 9:14:09.7950,0.022,-0.175,-1.013,1.028
2020-12-12 9:14:09.8050,0.017,-0.176,-1.003,1.018
2020-12-12 9:14:09.8150,0.012,-0.179,-0.983,0.999
2020-12-12 9:14:09.8250,0.006,-0.183,-0.958,0.975
2020-12-12 9:14:09.8350,-0.003,-0.189,-0.936,0.955
2020-12-12 9:14:09.8450,-0.01,-0.192,-0.92,0.94
2020-12-12 9:14:09.8780,-0.01,-0.19,-0.925,0.944
2020-12-12 9:14:09.8780,-0.01,-0.19,-0.925,0.944
2020-12-12 9:14:09.8780,-0.01,-0.19,-0.925,0.944
2020-12-12 9:14:09.8850,-0.004,-0.184,-0.944,0.962
2020-12-12 9:14:09.8950,0.002,-0.176,-0.969,0.985
2020-12-12 9:14:09.9050,0.007,-0.171,-0.997,1.012
2020-12-12 9:14:09.9150,0.011,-0.168,-1.014,1.028
2020-12-12 9:14:09.9250,0.012,-0.164,-1.02,1.033
2020-12-12 9:14:09.9350,0.009,-0.163,-1.012,1.025
2020-12-12 9:14:09.9460,0.004,-0.164,-0.996,1.009
2020-12-12 9:14:09.9810,-0.005,-0.186,-0.941,0.959
2020-12-12 9:14:09.9810,-0.005,-0.186,-0.941,0.959
2020-12-12 9:14:09.9810,-0.005,-0.186,-0.941,0.959
2020-12-12 9:14:09.9850,-0.011,-0.19,-0.94,0.959
2020-12-12 9:14:09.9950,-0.008,-0.191,-0.954,0.973
2020-12-12 9:14:10.0050,0.001,-0.189,-0.977,0.995
2020-12-12 9:14:10.0150,0.006,-0.184,-1.001,1.018
2020-12-12 9:14:10.0250,0.008,-0.177,-1.02,1.035
2020-12-12 9:14:10.0350,0.011,-0.172,-1.029,1.043
2020-12-12 9:14:10.0450,0.015,-0.169,-1.029,1.043
2020-12-12 9:14:10.0810,0.007,-0.173,-0.97,0.985
2020-12-12 9:14:10.0810,0.007,-0.173,-0.97,0.985
2020-12-12 9:14:10.0820,0.007,-0.173,-0.97,0.985
2020-12-12 9:14:10.0850,0.004,-0.175,-0.955,0.971
2020-12-12 9:14:10.0950,0.003,-0.176,-0.941,0.957
2020-12-12 9:14:10.1050,0.002,-0.174,-0.94,0.956
2020-12-12 9:14:10.1150,-0.001,-0.17,-0.946,0.961
2020-12-12 9:14:10.1260,-0.001,-0.168,-0.959,0.974
2020-12-12 9:14:10.1350,-0.002,-0.166,-0.973,0.987
2020-12-12 9:14:10.1460,-0.002,-0.163,-0.984,0.997
2020-12-12 9:14:10.1610,-0.003,-0.162,-0.993,1.006
2020-12-12 9:14:10.1820,-0.006,-0.161,-0.995,1.008
2020-12-12 9:14:10.1830,-0.006,-0.161,-0.995,1.008
2020-12-12 9:14:10.1850,-0.01,-0.16,-0.992,1.005
2020-12-12 9:14:10.1960,-0.012,-0.16,-0.994,1.007
2020-12-12 9:14:10.2050,-0.01,-0.161,-1.004,1.017
2020-12-12 9:14:10.2160,-0.006,-0.161,-1.011,1.024
2020-12-12 9:14:10.2260,-0.004,-0.159,-1.017,1.029
2020-12-12 9:14:10.2350,-0.004,-0.159,-1.018,1.03
2020-12-12 9:14:10.2460,0.002,-0.158,-1.019,1.031
2020-12-12 9:14:10.2800,0.01,-0.161,-0.996,1.009
2020-12-12 9:14:10.2800,0.01,-0.161,-0.996,1.009
2020-12-12 9:14:10.2800,0.01,-0.161,-0.996,1.009
2020-12-12 9:14:10.2850,0.01,-0.163,-0.988,1.001
2020-12-12 9:14:10.2960,0.006,-0.165,-0.984,0.998
2020-12-12 9:14:10.3060,0.005,-0.17,-0.978,0.993
2020-12-12 9:14:10.3160,0.007,-0.175,-0.973,0.989
2020-12-12 9:14:10.3260,0.005,-0.176,-0.974,0.99
2020-12-12 9:14:10.3360,0.002,-0.176,-0.98,0.996
2020-12-12 9:14:10.3460,-0.002,-0.174,-0.99,1.005
2020-12-12 9:14:10.3610,-0.005,-0.173,-1.0,1.015
2020-12-12 9:14:10.3830,-0.007,-0.168,-1.013,1.027
2020-12-12 9:14:10.3840,-0.007,-0.168,-1.013,1.027
2020-12-12 9:14:10.3850,-0.003,-0.163,-1.006,1.019
2020-12-12 9:14:10.3960,-0.003,-0.171,-0.997,1.012
2020-12-12 9:14:10.4060,-0.001,-0.169,-0.992,1.006
2020-12-12 9:14:10.4160,0.001,-0.162,-0.984,0.997
2020-12-12 9:14:10.4260,-0.001,-0.16,-0.981,0.994
2020-12-12 9:14:10.4360,-0.003,-0.16,-0.983,0.996
2020-12-12 9:14:10.4460,-0.006,-0.155,-0.99,1.002
2020-12-12 9:14:10.4560,-0.007,-0.151,-0.996,1.007
2020-12-12 9:14:10.4830,-0.005,-0.153,-0.988,1.0
2020-12-12 9:14:10.4830,-0.005,-0.153,-0.988,1.0
2020-12-12 9:14:10.4860,-0.008,-0.153,-0.977,0.989
2020-12-12 9:14:10.4960,-0.012,-0.154,-0.966,0.978
2020-12-12 9:14:10.5060,-0.015,-0.156,-0.955,0.968
2020-12-12 9:14:10.5160,-0.016,-0.159,-0.947,0.96
2020-12-12 9:14:10.5270,-0.017,-0.163,-0.94,0.954
2020-12-12 9:14:10.5360,-0.017,-0.164,-0.933,0.947
2020-12-12 9:14:10.5470,-0.012,-0.165,-0.93,0.945
2020-12-12 9:14:10.5620,-0.007,-0.163,-0.934,0.948
2020-12-12 9:14:10.5820,-0.006,-0.161,-0.96,0.973
2020-12-12 9:14:10.5820,-0.006,-0.161,-0.96,0.973
2020-12-12 9:14:10.5860,-0.002,-0.161,-0.978,0.991
2020-12-12 9:14:10.5960,0.001,-0.16,-0.999,1.012
2020-12-12 9:14:10.6060,0.006,-0.159,-1.02,1.032
2020-12-12 9:14:10.6160,0.009,-0.159,-1.032,1.044
2020-12-12 9:14:10.6270,0.013,-0.159,-1.034,1.046
2020-12-12 9:14:10.6370,0.014,-0.161,-1.029,1.042
2020-12-12 9:14:10.6460,0.014,-0.163,-1.019,1.032
2020-12-12 9:14:10.6610,0.014,-0.167,-1.005,1.019
2020-12-12 9:14:10.6820,0.005,-0.174,-0.982,0.997
2020-12-12 9:14:10.6820,0.005,-0.174,-0.982,0.997
2020-12-12 9:14:10.6860,-0.001,-0.175,-0.976,0.992
2020-12-12 9:14:10.6960,-0.004,-0.175,-0.978,0.994
2020-12-12 9:14:10.7060,-0.006,-0.175,-0.987,1.002
2020-12-12 9:14:10.7160,-0.006,-0.175,-0.996,1.011
2020-12-12 9:14:10.7270,-0.003,-0.175,-1.002,1.017
2020-12-12 9:14:10.7370,0.0,-0.173,-1.006,1.021
2020-12-12 9:14:10.7470,-0.001,-0.172,-1.006,1.021
2020-12-12 9:14:10.7620,-0.002,-0.173,-1.001,1.016
2020-12-12 9:14:10.7830,-0.0,-0.174,-0.98,0.995
2020-12-12 9:14:10.7830,-0.0,-0.174,-0.98,0.995
2020-12-12 9:14:10.7860,0.003,-0.173,-0.972,0.987
2020-12-12 9:14:10.7970,0.006,-0.172,-0.967,0.982
2020-12-12 9:14:10.8070,0.007,-0.173,-0.971,0.986
2020-12-12 9:14:10.8170,0.004,-0.171,-0.975,0.99
2020-12-12 9:14:10.8270,0.005,-0.168,-0.979,0.993
2020-12-12 9:14:10.8370,0.008,-0.166,-0.985,0.999
2020-12-12 9:14:10.8470,0.007,-0.168,-0.986,1.0
2020-12-12 9:14:10.8620,0.005,-0.168,-0.982,0.996
2020-12-12 9:14:10.8810,0.003,-0.166,-0.978,0.992
2020-12-12 9:14:10.8810,0.003,-0.166,-0.978,0.992
2020-12-12 9:14:10.8870,0.002,-0.166,-0.975,0.989
2020-12-12 9:14:10.8970,0.001,-0.165,-0.974,0.988
2020-12-12 9:14:10.9070,0.001,-0.163,-0.975,0.989
2020-12-12 9:14:10.9170,0.001,-0.163,-0.979,0.992
2020-12-12 9:14:10.9270,-0.002,-0.163,-0.981,0.994
2020-12-12 9:14:10.9370,-0.003,-0.163,-0.977,0.991
2020-12-12 9:14:10.9470,-0.003,-0.163,-0.976,0.99
2020-12-12 9:14:10.9620,-0.003,-0.165,-0.974,0.988
2020-12-12 9:14:10.9840,-0.003,-0.171,-0.968,0.983
2020-12-12 9:14:10.9850,-0.003,-0.171,-0.968,0.983
2020-12-12 9:14:10.9870,-0.002,-0.171,-0.97,0.985
2020-12-12 9:14:10.9970,-0.0,-0.172,-0.974,0.989
2020-12-12 9:14:11.0070,-0.004,-0.173,-0.978,0.993
2020-12-12 9:14:11.0170,-0.006,-0.173,-0.981,0.996
2020-12-12 9:14:11.0270,-0.006,-0.172,-0.988,1.003
2020-12-12 9:14:11.0380,-0.004,-0.171,-0.993,1.008
2020-12-12 9:14:11.0480,-0.003,-0.172,-0.997,1.012
2020-12-12 9:14:11.0620,-0.001,-0.174,-0.997,1.012
2020-12-12 9:14:11.0830,-0.0,-0.172,-0.994,1.009
2020-12-12 9:14:11.0830,-0.0,-0.172,-0.994,1.009
2020-12-12 9:14:11.0870,-0.002,-0.171,-0.994,1.009
2020-12-12 9:14:11.0970,-0.0,-0.171,-0.997,1.012
2020-12-12 9:14:11.1070,0.001,-0.17,-0.995,1.009
2020-12-12 9:14:11.1180,-0.0,-0.167,-0.992,1.006
2020-12-12 9:14:11.1280,-0.003,-0.164,-0.995,1.008
2020-12-12 9:14:11.1380,-0.0,-0.165,-0.998,1.012
2020-12-12 9:14:11.1480,0.003,-0.168,-0.998,1.012
2020-12-12 9:14:11.1630,0.002,-0.167,-0.994,1.008
2020-12-12 9:14:11.1830,-0.002,-0.162,-0.988,1.001
2020-12-12 9:14:11.1840,-0.002,-0.162,-0.988,1.001
2020-12-12 9:14:11.1870,-0.006,-0.165,-0.981,0.995
2020-12-12 9:14:11.1980,-0.009,-0.168,-0.97,0.984
2020-12-12 9:14:11.2070,-0.009,-0.168,-0.962,0.977
2020-12-12 9:14:11.2180,-0.012,-0.165,-0.952,0.966
2020-12-12 9:14:11.2280,-0.015,-0.167,-0.946,0.961
2020-12-12 9:14:11.2380,-0.013,-0.169,-0.946,0.961
2020-12-12 9:14:11.2480,-0.009,-0.171,-0.952,0.967
2020-12-12 9:14:11.2830,-0.004,-0.174,-0.974,0.989
2020-12-12 9:14:11.2830,-0.004,-0.174,-0.974,0.989
2020-12-12 9:14:11.2830,-0.004,-0.174,-0.974,0.989
2020-12-12 9:14:11.2870,-0.006,-0.173,-0.978,0.993
2020-12-12 9:14:11.2980,-0.005,-0.17,-0.982,0.997
2020-12-12 9:14:11.3080,-0.002,-0.167,-0.984,0.998
2020-12-12 9:14:11.3180,-0.002,-0.166,-0.983,0.997
2020-12-12 9:14:11.3280,-0.004,-0.167,-0.982,0.996
2020-12-12 9:14:11.3380,-0.009,-0.169,-0.982,0.996
2020-12-12 9:14:11.3480,-0.013,-0.173,-0.981,0.996
2020-12-12 9:14:11.3630,-0.013,-0.178,-0.979,0.995
2020-12-12 9:14:11.3850,-0.009,-0.175,-0.988,1.003
2020-12-12 9:14:11.3850,-0.009,-0.175,-0.988,1.003
2020-12-12 9:14:11.3870,-0.008,-0.173,-0.998,1.013
2020-12-12 9:14:11.3980,-0.009,-0.171,-1.005,1.019
2020-12-12 9:14:11.4080,-0.009,-0.171,-1.008,1.022
2020-12-12 9:14:11.4180,-0.01,-0.169,-1.009,1.023
2020-12-12 9:14:11.4280,-0.008,-0.169,-1.004,1.018
2020-12-12 9:14:11.4380,-0.01,-0.172,-0.991,1.006
2020-12-12 9:14:11.4480,-0.011,-0.174,-0.977,0.992
2020-12-12 9:14:11.4630,-0.009,-0.174,-0.965,0.981
2020-12-12 9:14:11.4850,-0.008,-0.174,-0.961,0.977
2020-12-12 9:14:11.4850,-0.008,-0.174,-0.961,0.977
2020-12-12 9:14:11.4880,-0.008,-0.175,-0.964,0.98
2020-12-12 9:14:11.4980,-0.008,-0.174,-0.97,0.986
2020-12-12 9:14:11.5080,-0.006,-0.17,-0.977,0.992
2020-12-12 9:14:11.5180,-0.004,-0.168,-0.979,0.993
2020-12-12 9:14:11.5280,-0.003,-0.168,-0.983,0.997
2020-12-12 9:14:11.5380,-0.003,-0.167,-0.984,0.998
2020-12-12 9:14:11.5480,-0.003,-0.168,-0.986,1.0
2020-12-12 9:14:11.5830,-0.007,-0.174,-0.987,1.002
2020-12-12 9:14:11.5840,-0.007,-0.174,-0.987,1.002
2020-12-12 9:14:11.5840,-0.007,-0.174,-0.987,1.002
2020-12-12 9:14:11.5880,-0.006,-0.175,-0.984,0.999
2020-12-12 9:14:11.5980,-0.006,-0.176,-0.982,0.998
2020-12-12 9:14:11.6080,-0.005,-0.177,-0.981,0.997
2020-12-12 9:14:11.6190,-0.004,-0.178,-0.98,0.996
2020-12-12 9:14:11.6280,-0.004,-0.179,-0.98,0.996
2020-12-12 9:14:11.6390,-0.003,-0.179,-0.982,0.998
2020-12-12 9:14:11.6490,-0.002,-0.177,-0.986,1.002
2020-12-12 9:14:11.6840,-0.001,-0.173,-0.99,1.005
2020-12-12 9:14:11.6850,-0.001,-0.173,-0.99,1.005
2020-12-12 9:14:11.6850,-0.001,-0.173,-0.99,1.005
2020-12-12 9:14:11.6880,0.0,-0.171,-0.988,1.003
2020-12-12 9:14:11.6980,0.002,-0.17,-0.985,1.0
2020-12-12 9:14:11.7080,0.001,-0.169,-0.981,0.995
2020-12-12 9:14:11.7180,0.001,-0.169,-0.982,0.996
2020-12-12 9:14:11.7290,0.002,-0.169,-0.979,0.993
2020-12-12 9:14:11.7390,0.0,-0.17,-0.973,0.988
2020-12-12 9:14:11.7490,-0.004,-0.17,-0.967,0.982
2020-12-12 9:14:11.7640,-0.007,-0.171,-0.963,0.978
2020-12-12 9:14:11.7860,-0.008,-0.174,-0.968,0.984
2020-12-12 9:14:11.7860,-0.008,-0.174,-0.968,0.984
2020-12-12 9:14:11.7880,-0.005,-0.175,-0.972,0.988
2020-12-12 9:14:11.7980,-0.003,-0.174,-0.978,0.993
2020-12-12 9:14:11.8080,-0.004,-0.172,-0.984,0.999
2020-12-12 9:14:11.8190,-0.005,-0.173,-0.987,1.002
2020-12-12 9:14:11.8290,-0.004,-0.175,-0.987,1.002
2020-12-12 9:14:11.8390,-0.004,-0.176,-0.988,1.004
2020-12-12 9:14:11.8490,-0.003,-0.176,-0.991,1.007
2020-12-12 9:14:11.8640,-0.003,-0.175,-0.996,1.011
2020-12-12 9:14:11.8840,-0.003,-0.178,-0.991,1.007
2020-12-12 9:14:11.8850,-0.003,-0.178,-0.991,1.007
2020-12-12 9:14:11.8880,-0.003,-0.178,-0.989,1.005
2020-12-12 9:14:11.8990,-0.002,-0.178,-0.985,1.001
2020-12-12 9:14:11.9090,-0.001,-0.175,-0.978,0.994
2020-12-12 9:14:11.9190,-0.0,-0.173,-0.974,0.989
2020-12-12 9:14:11.9290,-0.002,-0.173,-0.976,0.991
2020-12-12 9:14:11.9390,-0.006,-0.173,-0.981,0.996
2020-12-12 9:14:11.9490,-0.009,-0.175,-0.983,0.998
2020-12-12 9:14:11.9640,-0.007,-0.176,-0.98,0.996
2020-12-12 9:14:11.9850,-0.008,-0.174,-0.983,0.998
2020-12-12 9:14:11.9850,-0.008,-0.174,-0.983,0.998
2020-12-12 9:14:11.9890,-0.007,-0.175,-0.986,1.001
2020-12-12 9:14:11.9990,-0.005,-0.175,-0.986,1.001
2020-12-12 9:14:12.0090,-0.006,-0.175,-0.985,1.0
2020-12-12 9:14:12.0190,-0.004,-0.172,-0.988,1.003
2020-12-12 9:14:12.0290,-0.002,-0.172,-0.991,1.006
2020-12-12 9:14:12.0390,-0.003,-0.174,-0.992,1.007
2020-12-12 9:14:12.0500,-0.004,-0.173,-0.989,1.004
2020-12-12 9:14:12.0640,-0.004,-0.173,-0.987,1.002
2020-12-12 9:14:12.0850,-0.004,-0.173,-0.988,1.003
2020-12-12 9:14:12.0860,-0.004,-0.173,-0.988,1.003
2020-12-12 9:14:12.0890,-0.003,-0.175,-0.99,1.005
2020-12-12 9:14:12.0990,-0.004,-0.174,-0.99,1.005
2020-12-12 9:14:12.1090,-0.003,-0.175,-0.987,1.002
2020-12-12 9:14:12.1190,-0.004,-0.176,-0.983,0.999
2020-12-12 9:14:12.1300,-0.003,-0.177,-0.981,0.997
2020-12-12 9:14:12.1390,0.001,-0.176,-0.98,0.996
2020-12-12 9:14:12.1490,0.002,-0.175,-0.979,0.995
2020-12-12 9:14:12.1640,-0.001,-0.174,-0.98,0.995
2020-12-12 9:14:12.1830,-0.001,-0.174,-0.985,1.0
2020-12-12 9:14:12.1830,-0.001,-0.174,-0.985,1.0
2020-12-12 9:14:12.1890,-0.001,-0.174,-0.988,1.003
2020-12-12 9:14:12.2000,-0.001,-0.175,-0.985,1.0
2020-12-12 9:14:12.2100,0.001,-0.174,-0.983,0.998
2020-12-12 9:14:12.2190,0.004,-0.175,-0.983,0.998
2020-12-12 9:14:12.2300,0.004,-0.176,-0.98,0.996
2020-12-12 9:14:12.2400,0.001,-0.176,-0.974,0.99
2020-12-12 9:14:12.2500,0.002,-0.176,-0.972,0.988
2020-12-12 9:14:12.2640,0.002,-0.175,-0.971,0.987
2020-12-12 9:14:12.2860,0.002,-0.176,-0.972,0.988
2020-12-12 9:14:12.2870,0.002,-0.176,-0.972,0.988
2020-12-12 9:14:12.2890,0.001,-0.176,-0.974,0.99
2020-12-12 9:14:12.3000,0.003,-0.176,-0.979,0.995
2020-12-12 9:14:12.3090,0.004,-0.176,-0.98,0.996
2020-12-12 9:14:12.3200,0.002,-0.176,-0.982,0.998
2020-12-12 9:14:12.3300,-0.0,-0.176,-0.984,1.0
2020-12-12 9:14:12.3400,-0.001,-0.176,-0.982,0.998
2020-12-12 9:14:12.3500,-0.001,-0.177,-0.98,0.996
2020-12-12 9:14:12.3650,-0.004,-0.177,-0.977,0.993
2020-12-12 9:14:12.3860,-0.006,-0.178,-0.979,0.995
2020-12-12 9:14:12.3860,-0.006,-0.178,-0.979,0.995
2020-12-12 9:14:12.3900,-0.005,-0.177,-0.98,0.996
2020-12-12 9:14:12.4010,-0.006,-0.179,-0.983,0.999
2020-12-12 9:14:12.4100,-0.008,-0.18,-0.985,1.001
2020-12-12 9:14:12.4200,-0.007,-0.179,-0.986,1.002
2020-12-12 9:14:12.4300,-0.003,-0.18,-0.982,0.998
2020-12-12 9:14:12.4400,-0.003,-0.18,-0.977,0.993
2020-12-12 9:14:12.4500,-0.002,-0.178,-0.976,0.992
2020-12-12 9:14:12.4860,0.002,-0.179,-0.968,0.984
2020-12-12 9:14:12.4860,0.002,-0.179,-0.968,0.984
2020-12-12 9:14:12.4870,0.002,-0.179,-0.968,0.984
2020-12-12 9:14:12.4900,0.004,-0.178,-0.972,0.988
2020-12-12 9:14:12.5000,0.005,-0.177,-0.977,0.993
2020-12-12 9:14:12.5100,0.005,-0.176,-0.98,0.996
2020-12-12 9:14:12.5200,0.002,-0.176,-0.985,1.001
2020-12-12 9:14:12.5310,-0.003,-0.176,-0.987,1.003
2020-12-12 9:14:12.5400,-0.007,-0.177,-0.988,1.004
2020-12-12 9:14:12.5500,-0.007,-0.178,-0.989,1.005
2020-12-12 9:14:12.5650,-0.006,-0.179,-0.987,1.003
2020-12-12 9:14:12.5870,-0.008,-0.18,-0.989,1.005
2020-12-12 9:14:12.5880,-0.008,-0.18,-0.989,1.005
2020-12-12 9:14:12.5900,-0.008,-0.18,-0.985,1.001
2020-12-12 9:14:12.6000,-0.005,-0.18,-0.977,0.993
2020-12-12 9:14:12.6100,-0.003,-0.178,-0.975,0.991
2020-12-12 9:14:12.6200,-0.004,-0.179,-0.98,0.996
2020-12-12 9:14:12.6310,-0.005,-0.179,-0.986,1.002
2020-12-12 9:14:12.6400,-0.005,-0.179,-0.989,1.005
2020-12-12 9:14:12.6500,-0.007,-0.178,-0.989,1.005
2020-12-12 9:14:12.6650,-0.009,-0.178,-0.989,1.005
2020-12-12 9:14:12.6860,-0.006,-0.18,-0.989,1.005
2020-12-12 9:14:12.6860,-0.006,-0.18,-0.989,1.005
2020-12-12 9:14:12.6900,-0.007,-0.18,-0.987,1.003
2020-12-12 9:14:12.7000,-0.007,-0.18,-0.989,1.005
2020-12-12 9:14:12.7100,-0.006,-0.179,-0.992,1.008
2020-12-12 9:14:12.7210,-0.003,-0.178,-0.993,1.009
2020-12-12 9:14:12.7310,-0.005,-0.177,-0.992,1.008
2020-12-12 9:14:12.7400,-0.007,-0.177,-0.989,1.005
2020-12-12 9:14:12.7500,-0.007,-0.178,-0.986,1.002
2020-12-12 9:14:12.7650,-0.007,-0.178,-0.984,1.0
2020-12-12 9:14:12.7840,-0.009,-0.18,-0.975,0.992
2020-12-12 9:14:12.7850,-0.009,-0.18,-0.975,0.992
2020-12-12 9:14:12.7900,-0.007,-0.181,-0.97,0.987
2020-12-12 9:14:12.8020,-0.005,-0.18,-0.969,0.986
2020-12-12 9:14:12.8100,-0.004,-0.178,-0.97,0.986
2020-12-12 9:14:12.8210,-0.005,-0.176,-0.974,0.99
2020-12-12 9:14:12.8310,-0.004,-0.175,-0.979,0.995
2020-12-12 9:14:12.8410,-0.003,-0.175,-0.983,0.998
2020-12-12 9:14:12.8510,-0.006,-0.174,-0.987,1.002
2020-12-12 9:14:12.8660,-0.007,-0.174,-0.989,1.004
2020-12-12 9:14:12.8890,-0.003,-0.176,-0.988,1.004
2020-12-12 9:14:12.8890,-0.003,-0.176,-0.988,1.004
2020-12-12 9:14:12.8900,-0.002,-0.173,-0.988,1.003
2020-12-12 9:14:12.9020,-0.003,-0.171,-0.989,1.004
2020-12-12 9:14:12.9110,-0.004,-0.171,-0.99,1.005
2020-12-12 9:14:12.9210,-0.005,-0.173,-0.99,1.005
2020-12-12 9:14:12.9310,-0.005,-0.174,-0.993,1.008
2020-12-12 9:14:12.9410,-0.003,-0.173,-0.993,1.008
2020-12-12 9:14:12.9510,-0.004,-0.174,-0.989,1.004
2020-12-12 9:14:12.9660,-0.007,-0.176,-0.985,1.001
2020-12-12 9:14:12.9880,-0.01,-0.177,-0.971,0.987
2020-12-12 9:14:12.9880,-0.01,-0.177,-0.971,0.987
2020-12-12 9:14:12.9900,-0.009,-0.177,-0.964,0.98
2020-12-12 9:14:13.0020,-0.009,-0.177,-0.961,0.977
2020-12-12 9:14:13.0110,-0.011,-0.176,-0.963,0.979
2020-12-12 9:14:13.0210,-0.01,-0.176,-0.966,0.982
2020-12-12 9:14:13.0310,-0.008,-0.177,-0.97,0.986
2020-12-12 9:14:13.0410,-0.005,-0.178,-0.974,0.99
2020-12-12 9:14:13.0510,-0.003,-0.178,-0.973,0.989
2020-12-12 9:14:13.0670,-0.004,-0.176,-0.972,0.988
2020-12-12 9:14:13.0880,-0.006,-0.175,-0.978,0.994
2020-12-12 9:14:13.0880,-0.006,-0.175,-0.978,0.994
2020-12-12 9:14:13.0910,-0.007,-0.176,-0.982,0.998
2020-12-12 9:14:13.1030,-0.009,-0.176,-0.988,1.004
2020-12-12 9:14:13.1110,-0.012,-0.177,-0.993,1.009
2020-12-12 9:14:13.1210,-0.009,-0.179,-0.998,1.014
2020-12-12 9:14:13.1310,-0.006,-0.181,-0.996,1.012
2020-12-12 9:14:13.1420,-0.007,-0.181,-0.992,1.008
2020-12-12 9:14:13.1520,-0.008,-0.18,-0.988,1.004
2020-12-12 9:14:13.1660,-0.006,-0.181,-0.984,1.001
2020-12-12 9:14:13.1880,-0.004,-0.183,-0.98,0.997
2020-12-12 9:14:13.1880,-0.004,-0.183,-0.98,0.997
2020-12-12 9:14:13.1910,-0.007,-0.182,-0.978,0.995
2020-12-12 9:14:13.2030,-0.008,-0.18,-0.976,0.992
2020-12-12 9:14:13.2110,-0.005,-0.178,-0.978,0.994
2020-12-12 9:14:13.2210,-0.007,-0.18,-0.977,0.993
2020-12-12 9:14:13.2320,-0.01,-0.181,-0.975,0.992
2020-12-12 9:14:13.2410,-0.012,-0.181,-0.971,0.988
2020-12-12 9:14:13.2520,-0.01,-0.183,-0.967,0.984
2020-12-12 9:14:13.2660,-0.008,-0.183,-0.965,0.982
2020-12-12 9:14:13.2860,-0.007,-0.181,-0.964,0.981
2020-12-12 9:14:13.2860,-0.007,-0.181,-0.964,0.981
2020-12-12 9:14:13.2910,-0.007,-0.181,-0.968,0.985
2020-12-12 9:14:13.3030,-0.004,-0.182,-0.975,0.992
2020-12-12 9:14:13.3110,-0.004,-0.182,-0.981,0.998
2020-12-12 9:14:13.3220,-0.007,-0.183,-0.986,1.003
2020-12-12 9:14:13.3320,-0.004,-0.183,-0.989,1.006
2020-12-12 9:14:13.3420,-0.001,-0.183,-0.988,1.005
2020-12-12 9:14:13.3520,0.002,-0.183,-0.987,1.004
2020-12-12 9:14:13.3670,0.004,-0.185,-0.985,1.002
2020-12-12 9:14:13.3890,0.005,-0.187,-0.98,0.998
2020-12-12 9:14:13.3890,0.005,-0.187,-0.98,0.998
2020-12-12 9:14:13.3910,0.0,-0.186,-0.982,0.999
2020-12-12 9:14:13.4030,-0.002,-0.188,-0.984,1.002
2020-12-12 9:14:13.4110,-0.001,-0.188,-0.99,1.008
2020-12-12 9:14:13.4220,0.001,-0.188,-0.994,1.012
2020-12-12 9:14:13.4320,-0.001,-0.187,-0.997,1.014
2020-12-12 9:14:13.4420,-0.003,-0.186,-0.994,1.011
2020-12-12 9:14:13.4520,-0.001,-0.186,-0.99,1.007
2020-12-12 9:14:13.4670,0.001,-0.185,-0.987,1.004
2020-12-12 9:14:13.4900,-0.004,-0.187,-0.975,0.993
2020-12-12 9:14:13.4900,-0.004,-0.187,-0.975,0.993
2020-12-12 9:14:13.4910,-0.006,-0.187,-0.969,0.987
2020-12-12 9:14:13.5030,-0.003,-0.187,-0.966,0.984
2020-12-12 9:14:13.5120,-0.003,-0.189,-0.963,0.981
2020-12-12 9:14:13.5220,-0.007,-0.189,-0.959,0.977
2020-12-12 9:14:13.5320,-0.008,-0.189,-0.959,0.977
2020-12-12 9:14:13.5420,-0.005,-0.19,-0.966,0.985
2020-12-12 9:14:13.5520,-0.002,-0.189,-0.967,0.985
2020-12-12 9:14:13.5670,-0.005,-0.189,-0.971,0.989
2020-12-12 9:14:13.5890,-0.001,-0.189,-0.974,0.992
2020-12-12 9:14:13.5890,-0.001,-0.189,-0.974,0.992
2020-12-12 9:14:13.5920,-0.001,-0.189,-0.97,0.988
2020-12-12 9:14:13.6030,0.001,-0.189,-0.965,0.983
2020-12-12 9:14:13.6120,0.003,-0.186,-0.963,0.981
2020-12-12 9:14:13.6220,0.003,-0.185,-0.965,0.983
2020-12-12 9:14:13.6320,0.0,-0.186,-0.964,0.982
2020-12-12 9:14:13.6420,0.001,-0.186,-0.964,0.982
2020-12-12 9:14:13.6530,-0.001,-0.188,-0.96,0.978
2020-12-12 9:14:13.6880,-0.007,-0.194,-0.942,0.962
2020-12-12 9:14:13.6880,-0.007,-0.194,-0.942,0.962
2020-12-12 9:14:13.6880,-0.007,-0.194,-0.942,0.962
2020-12-12 9:14:13.6920,-0.004,-0.193,-0.944,0.964
2020-12-12 9:14:13.7020,-0.002,-0.192,-0.949,0.968
2020-12-12 9:14:13.7120,-0.003,-0.192,-0.959,0.978
2020-12-12 9:14:13.7220,-0.003,-0.19,-0.968,0.986
2020-12-12 9:14:13.7320,-0.003,-0.187,-0.978,0.996
2020-12-12 9:14:13.7430,-0.001,-0.185,-0.985,1.002
2020-12-12 9:14:13.7530,0.001,-0.184,-0.992,1.009
2020-12-12 9:14:13.7880,0.002,-0.178,-0.995,1.011
2020-12-12 9:14:13.7880,0.002,-0.178,-0.995,1.011
2020-12-12 9:14:13.7880,0.002,-0.178,-0.995,1.011
2020-12-12 9:14:13.7920,0.002,-0.179,-0.992,1.008
2020-12-12 9:14:13.8030,0.003,-0.178,-0.989,1.005
2020-12-12 9:14:13.8120,0.002,-0.178,-0.99,1.006
2020-12-12 9:14:13.8230,0.006,-0.173,-0.994,1.009
2020-12-12 9:14:13.8330,0.012,-0.171,-1.004,1.019
2020-12-12 9:14:13.8430,0.012,-0.172,-1.007,1.022
2020-12-12 9:14:13.8530,0.01,-0.168,-1.006,1.02
2020-12-12 9:14:13.8680,0.008,-0.165,-1.004,1.017
2020-12-12 9:14:13.8910,0.003,-0.167,-0.994,1.008
2020-12-12 9:14:13.8910,0.003,-0.167,-0.994,1.008
2020-12-12 9:14:13.8920,0.004,-0.167,-0.993,1.007
2020-12-12 9:14:13.9030,0.003,-0.167,-0.992,1.006
2020-12-12 9:14:13.9130,0.0,-0.166,-0.992,1.006
2020-12-12 9:14:13.9230,-0.001,-0.165,-0.994,1.008
2020-12-12 9:14:13.9320,-0.001,-0.165,-0.994,1.008
2020-12-12 9:14:13.9430,-0.002,-0.167,-0.992,1.006
2020-12-12 9:14:13.9530,-0.006,-0.166,-0.988,1.002
2020-12-12 9:14:13.9680,-0.008,-0.165,-0.985,0.999
2020-12-12 9:14:13.9880,-0.014,-0.164,-0.984,0.998
2020-12-12 9:14:13.9880,-0.014,-0.164,-0.984,0.998
2020-12-12 9:14:13.9930,-0.015,-0.164,-0.983,0.997
2020-12-12 9:14:14.0050,-0.01,-0.162,-0.984,0.997
2020-12-12 9:14:14.0130,-0.009,-0.161,-0.982,0.995
2020-12-12 9:14:14.0230,-0.013,-0.162,-0.977,0.99
2020-12-12 9:14:14.0330,-0.016,-0.164,-0.973,0.987
2020-12-12 9:14:14.0430,-0.015,-0.164,-0.972,0.986
2020-12-12 9:14:14.0530,-0.014,-0.165,-0.977,0.991
2020-12-12 9:14:14.0680,-0.014,-0.164,-0.984,0.998
2020-12-12 9:14:14.0870,-0.011,-0.164,-0.999,1.012
2020-12-12 9:14:14.0870,-0.011,-0.164,-0.999,1.012
2020-12-12 9:14:14.0930,-0.006,-0.165,-1.001,1.015
2020-12-12 9:14:14.1040,-0.005,-0.164,-0.997,1.01
2020-12-12 9:14:14.1130,-0.008,-0.162,-0.993,1.006
2020-12-12 9:14:14.1230,-0.006,-0.164,-0.989,1.003
2020-12-12 9:14:14.1340,-0.005,-0.167,-0.984,0.998
2020-12-12 9:14:14.1440,-0.006,-0.168,-0.981,0.995
2020-12-12 9:14:14.1530,-0.007,-0.165,-0.977,0.991
2020-12-12 9:14:14.1850,-0.009,-0.158,-0.984,0.997
2020-12-12 9:14:14.1850,-0.009,-0.158,-0.984,0.997
2020-12-12 9:14:14.1860,-0.009,-0.158,-0.984,0.997
2020-12-12 9:14:14.1930,-0.015,-0.157,-0.983,0.996
2020-12-12 9:14:14.2030,-0.016,-0.158,-0.982,0.995
2020-12-12 9:14:14.2130,-0.015,-0.158,-0.983,0.996
2020-12-12 9:14:14.2230,-0.017,-0.158,-0.988,1.001
2020-12-12 9:14:14.2330,-0.021,-0.158,-0.988,1.001
2020-12-12 9:14:14.2430,-0.021,-0.158,-0.99,1.003
2020-12-12 9:14:14.2530,-0.016,-0.157,-0.996,1.008
2020-12-12 9:14:14.2680,-0.013,-0.154,-1.001,1.013
2020-12-12 9:14:14.2900,-0.013,-0.152,-1.009,1.02
2020-12-12 9:14:14.2900,-0.013,-0.152,-1.009,1.02
2020-12-12 9:14:14.2930,-0.009,-0.153,-1.011,1.023
2020-12-12 9:14:14.3060,-0.008,-0.155,-1.007,1.019
2020-12-12 9:14:14.3140,-0.014,-0.155,-1.003,1.015
2020-12-12 9:14:14.3230,-0.015,-0.156,-0.999,1.011
2020-12-12 9:14:14.3340,-0.012,-0.158,-0.996,1.009
2020-12-12 9:14:14.3440,-0.009,-0.16,-0.992,1.005
2020-12-12 9:14:14.3540,-0.014,-0.161,-0.988,1.001
2020-12-12 9:14:14.3690,-0.015,-0.163,-0.987,1.0
2020-12-12 9:14:14.3890,-0.005,-0.166,-0.984,0.998
2020-12-12 9:14:14.3900,-0.005,-0.166,-0.984,0.998
2020-12-12 9:14:14.3930,-0.008,-0.165,-0.981,0.995
2020-12-12 9:14:14.4050,-0.008,-0.165,-0.979,0.993
2020-12-12 9:14:14.4140,-0.005,-0.167,-0.981,0.995
2020-12-12 9:14:14.4240,-0.003,-0.167,-0.98,0.994
2020-12-12 9:14:14.4340,-0.004,-0.165,-0.977,0.991
2020-12-12 9:14:14.4440,-0.005,-0.164,-0.977,0.991
2020-12-12 9:14:14.4540,-0.001,-0.166,-0.974,0.988
2020-12-12 9:14:14.4880,0.003,-0.164,-0.95,0.964
2020-12-12 9:14:14.4890,0.003,-0.164,-0.95,0.964
2020-12-12 9:14:14.4890,0.003,-0.164,-0.95,0.964
2020-12-12 9:14:14.4930,0.006,-0.167,-0.943,0.958
2020-12-12 9:14:14.5040,0.008,-0.169,-0.939,0.954
2020-12-12 9:14:14.5150,0.006,-0.169,-0.937,0.952
2020-12-12 9:14:14.5240,0.005,-0.17,-0.942,0.957
2020-12-12 9:14:14.5340,0.007,-0.17,-0.951,0.966
2020-12-12 9:14:14.5440,0.01,-0.171,-0.96,0.975
2020-12-12 9:14:14.5550,0.01,-0.173,-0.97,0.985
2020-12-12 9:14:14.5670,0.007,-0.172,-0.975,0.99
2020-12-12 9:14:14.5860,0.006,-0.173,-0.987,1.002
2020-12-12 9:14:14.5870,0.006,-0.173,-0.987,1.002
2020-12-12 9:14:14.5940,0.005,-0.173,-0.992,1.007
2020-12-12 9:14:14.6050,0.0,-0.173,-0.999,1.014
2020-12-12 9:14:14.6140,-0.001,-0.172,-1.004,1.019
2020-12-12 9:14:14.6240,0.0,-0.171,-1.006,1.02
2020-12-12 9:14:14.6340,-0.0,-0.17,-1.004,1.018
2020-12-12 9:14:14.6440,0.001,-0.168,-1.001,1.015
2020-12-12 9:14:14.6550,0.003,-0.166,-0.997,1.011
2020-12-12 9:14:14.6670,0.001,-0.163,-0.994,1.007
2020-12-12 9:14:14.6830,0.001,-0.162,-0.989,1.002
2020-12-12 9:14:14.6840,0.003,-0.16,-0.986,0.999
2020-12-12 9:14:14.6940,0.005,-0.158,-0.983,0.996
2020-12-12 9:14:14.7040,0.003,-0.157,-0.978,0.991
2020-12-12 9:14:14.7140,0.001,-0.153,-0.976,0.988
2020-12-12 9:14:14.7240,-0.0,-0.149,-0.973,0.984
2020-12-12 9:14:14.7340,-0.002,-0.147,-0.973,0.984
2020-12-12 9:14:14.7440,-0.005,-0.147,-0.976,0.987
2020-12-12 9:14:14.7540,-0.008,-0.147,-0.979,0.99
2020-12-12 9:14:14.7680,-0.01,-0.147,-0.984,0.995
2020-12-12 9:14:14.7900,-0.016,-0.149,-0.991,1.002
2020-12-12 9:14:14.7910,-0.016,-0.149,-0.991,1.002
2020-12-12 9:14:14.7940,-0.019,-0.15,-0.994,1.005
2020-12-12 9:14:14.8060,-0.018,-0.151,-0.994,1.006
2020-12-12 9:14:14.8140,-0.017,-0.149,-0.994,1.005
2020-12-12 9:14:14.8240,-0.017,-0.15,-0.994,1.005
2020-12-12 9:14:14.8350,-0.015,-0.149,-0.993,1.004
2020-12-12 9:14:14.8450,-0.012,-0.15,-0.995,1.006
2020-12-12 9:14:14.8550,-0.01,-0.148,-0.997,1.008
2020-12-12 9:14:14.8680,-0.009,-0.148,-0.996,1.007
2020-12-12 9:14:14.8870,-0.008,-0.15,-0.993,1.004
2020-12-12 9:14:14.8880,-0.008,-0.15,-0.993,1.004
2020-12-12 9:14:14.8940,-0.006,-0.153,-0.991,1.003
2020-12-12 9:14:14.9080,-0.007,-0.155,-0.987,0.999
2020-12-12 9:14:14.9140,-0.004,-0.155,-0.984,0.996
2020-12-12 9:14:14.9250,-0.003,-0.154,-0.98,0.992
2020-12-12 9:14:14.9350,-0.003,-0.151,-0.981,0.993
2020-12-12 9:14:14.9450,-0.001,-0.149,-0.984,0.995
2020-12-12 9:14:14.9550,-0.003,-0.147,-0.987,0.998
2020-12-12 9:14:14.9700,-0.005,-0.146,-0.99,1.001
2020-12-12 9:14:14.9910,-0.014,-0.144,-0.99,1.001
2020-12-12 9:14:14.9910,-0.014,-0.144,-0.99,1.001
2020-12-12 9:14:14.9950,-0.021,-0.146,-0.986,0.997
2020-12-12 9:14:15.0070,-0.024,-0.148,-0.978,0.989
2020-12-12 9:14:15.0150,-0.023,-0.148,-0.971,0.982
2020-12-12 9:14:15.0250,-0.022,-0.15,-0.964,0.976
2020-12-12 9:14:15.0350,-0.02,-0.151,-0.96,0.972
2020-12-12 9:14:15.0450,-0.02,-0.151,-0.961,0.973
2020-12-12 9:14:15.0560,-0.019,-0.152,-0.967,0.979
2020-12-12 9:14:15.0700,-0.017,-0.153,-0.976,0.988
2020-12-12 9:14:15.0920,-0.01,-0.153,-0.997,1.009
2020-12-12 9:14:15.0920,-0.01,-0.153,-0.997,1.009
2020-12-12 9:14:15.0950,-0.009,-0.152,-1.004,1.015
2020-12-12 9:14:15.1080,-0.008,-0.152,-1.008,1.019
2020-12-12 9:14:15.1150,-0.007,-0.153,-1.006,1.018
2020-12-12 9:14:15.1250,-0.006,-0.154,-1.001,1.013
2020-12-12 9:14:15.1350,-0.005,-0.155,-0.993,1.005
2020-12-12 9:14:15.1450,-0.007,-0.157,-0.986,0.998
2020-12-12 9:14:15.1560,-0.006,-0.159,-0.981,0.994
2020-12-12 9:14:15.1700,-0.006,-0.159,-0.978,0.991
2020-12-12 9:14:15.1920,-0.005,-0.159,-0.98,0.993
2020-12-12 9:14:15.1920,-0.005,-0.159,-0.98,0.993
2020-12-12 9:14:15.1950,-0.002,-0.153,-0.989,1.001
2020-12-12 9:14:15.2080,0.003,-0.148,-0.998,1.009
2020-12-12 9:14:15.2150,0.005,-0.147,-1.003,1.014
2020-12-12 9:14:15.2250,0.006,-0.146,-1.007,1.018
2020-12-12 9:14:15.2350,0.006,-0.144,-1.007,1.017
2020-12-12 9:14:15.2450,0.005,-0.143,-1.003,1.013
2020-12-12 9:14:15.2560,0.009,-0.144,-0.995,1.005
2020-12-12 9:14:15.2880,0.008,-0.144,-0.97,0.981
2020-12-12 9:14:15.2880,0.008,-0.144,-0.97,0.981
2020-12-12 9:14:15.2890,0.008,-0.144,-0.97,0.981
2020-12-12 9:14:15.2950,0.007,-0.146,-0.966,0.977
2020-12-12 9:14:15.3050,0.005,-0.147,-0.965,0.976
2020-12-12 9:14:15.3150,0.003,-0.146,-0.969,0.98
2020-12-12 9:14:15.3260,0.001,-0.145,-0.974,0.985
2020-12-12 9:14:15.3350,-0.001,-0.146,-0.985,0.996
2020-12-12 9:14:15.3460,-0.001,-0.147,-0.994,1.005
2020-12-12 9:14:15.3560,-0.002,-0.149,-1.001,1.012
2020-12-12 9:14:15.3700,-0.002,-0.149,-1.002,1.013
2020-12-12 9:14:15.3910,-0.003,-0.147,-0.999,1.01
2020-12-12 9:14:15.3910,-0.003,-0.147,-0.999,1.01
2020-12-12 9:14:15.3950,-0.0,-0.147,-0.999,1.01
2020-12-12 9:14:15.4060,0.006,-0.147,-0.995,1.006
2020-12-12 9:14:15.4160,0.009,-0.15,-0.991,1.002
2020-12-12 9:14:15.4260,0.014,-0.152,-0.99,1.002
2020-12-12 9:14:15.4360,0.012,-0.151,-0.99,1.002
2020-12-12 9:14:15.4460,0.008,-0.148,-0.989,1.0
2020-12-12 9:14:15.4560,0.009,-0.15,-0.992,1.003
2020-12-12 9:14:15.4710,0.01,-0.151,-0.998,1.009
2020-12-12 9:14:15.4940,0.016,-0.153,-1.006,1.018
2020-12-12 9:14:15.4940,0.016,-0.153,-1.006,1.018
2020-12-12 9:14:15.4960,0.018,-0.153,-1.007,1.019
2020-12-12 9:14:15.5090,0.02,-0.154,-1.007,1.019
2020-12-12 9:14:15.5150,0.02,-0.156,-1.007,1.019
2020-12-12 9:14:15.5260,0.02,-0.157,-1.009,1.021
2020-12-12 9:14:15.5360,0.019,-0.155,-1.013,1.025
2020-12-12 9:14:15.5460,0.015,-0.155,-1.016,1.028
2020-12-12 9:14:15.5560,0.015,-0.154,-1.014,1.026
2020-12-12 9:14:15.5710,0.018,-0.153,-1.01,1.022
2020-12-12 9:14:15.5930,0.011,-0.149,-0.985,0.996
2020-12-12 9:14:15.5930,0.011,-0.149,-0.985,0.996
2020-12-12 9:14:15.5960,0.022,-0.157,-0.959,0.972
2020-12-12 9:14:15.6090,0.023,-0.163,-0.938,0.952
2020-12-12 9:14:15.6160,0.021,-0.163,-0.921,0.936
2020-12-12 9:14:15.6260,0.019,-0.163,-0.911,0.926
2020-12-12 9:14:15.6360,0.016,-0.165,-0.904,0.919
2020-12-12 9:14:15.6460,0.02,-0.171,-0.906,0.922
2020-12-12 9:14:15.6570,0.021,-0.173,-0.92,0.936
2020-12-12 9:14:15.6840,0.021,-0.168,-0.962,0.977
2020-12-12 9:14:15.6840,0.021,-0.168,-0.962,0.977
2020-12-12 9:14:15.6860,0.028,-0.165,-0.982,0.996
2020-12-12 9:14:15.6960,0.035,-0.161,-1.0,1.013
2020-12-12 9:14:15.7060,0.037,-0.159,-1.011,1.024
2020-12-12 9:14:15.7160,0.035,-0.158,-1.015,1.028
2020-12-12 9:14:15.7260,0.028,-0.158,-1.015,1.028
2020-12-12 9:14:15.7360,0.024,-0.162,-1.001,1.014
2020-12-12 9:14:15.7460,0.032,-0.172,-0.981,0.996
2020-12-12 9:14:15.7560,0.022,-0.171,-0.975,0.99
2020-12-12 9:14:15.7910,0.015,-0.165,-0.977,0.991
2020-12-12 9:14:15.7910,0.015,-0.165,-0.977,0.991
2020-12-12 9:14:15.7910,0.015,-0.165,-0.977,0.991
2020-12-12 9:14:15.7960,0.025,-0.172,-0.983,0.998
2020-12-12 9:14:15.8070,0.018,-0.162,-0.991,1.004
2020-12-12 9:14:15.8160,0.013,-0.149,-0.999,1.01
2020-12-12 9:14:15.8270,0.016,-0.143,-1.003,1.013
2020-12-12 9:14:15.8370,0.024,-0.146,-1.005,1.016
2020-12-12 9:14:15.8470,0.027,-0.149,-1.003,1.014
2020-12-12 9:14:15.8570,0.022,-0.146,-0.997,1.008
2020-12-12 9:14:15.8710,0.014,-0.143,-0.987,0.997
2020-12-12 9:14:15.8940,0.019,-0.14,-0.967,0.977
2020-12-12 9:14:15.8950,0.019,-0.14,-0.967,0.977
2020-12-12 9:14:15.8960,0.016,-0.14,-0.967,0.977
2020-12-12 9:14:15.9090,0.007,-0.146,-0.974,0.985
2020-12-12 9:14:15.9160,0.005,-0.142,-0.982,0.992
2020-12-12 9:14:15.9270,0.002,-0.139,-0.994,1.004
2020-12-12 9:14:15.9370,0.01,-0.14,-0.997,1.007
2020-12-12 9:14:15.9470,0.011,-0.143,-1.0,1.01
2020-12-12 9:14:15.9570,0.004,-0.143,-1.0,1.01
2020-12-12 9:14:15.9720,0.001,-0.142,-0.997,1.007
2020-12-12 9:14:15.9940,0.008,-0.143,-0.988,0.998
2020-12-12 9:14:15.9940,0.008,-0.143,-0.988,0.998
2020-12-12 9:14:15.9960,0.011,-0.144,-0.986,0.997
2020-12-12 9:14:16.0100,0.01,-0.144,-0.987,0.997
2020-12-12 9:14:16.0160,0.01,-0.144,-0.99,1.0
2020-12-12 9:14:16.0270,0.009,-0.144,-0.996,1.006
2020-12-12 9:14:16.0370,0.008,-0.144,-1.0,1.01
2020-12-12 9:14:16.0470,0.008,-0.147,-1.002,1.013
2020-12-12 9:14:16.0570,0.011,-0.146,-1.001,1.012
2020-12-12 9:14:16.0720,0.014,-0.144,-1.0,1.01
2020-12-12 9:14:16.0920,0.009,-0.148,-0.994,1.005
2020-12-12 9:14:16.0930,0.009,-0.148,-0.994,1.005
2020-12-12 9:14:16.0960,0.005,-0.149,-0.99,1.001
2020-12-12 9:14:16.1090,0.005,-0.15,-0.985,0.996
2020-12-12 9:14:16.1170,0.005,-0.151,-0.978,0.99
2020-12-12 9:14:16.1270,0.003,-0.149,-0.973,0.984
2020-12-12 9:14:16.1370,0.002,-0.148,-0.973,0.984
2020-12-12 9:14:16.1470,0.004,-0.147,-0.974,0.985
2020-12-12 9:14:16.1570,0.006,-0.146,-0.977,0.988
2020-12-12 9:14:16.1720,0.011,-0.144,-0.978,0.989
2020-12-12 9:14:16.1920,0.011,-0.143,-0.978,0.988
2020-12-12 9:14:16.1920,0.011,-0.143,-0.978,0.988
2020-12-12 9:14:16.1970,0.01,-0.145,-0.976,0.987
2020-12-12 9:14:16.2110,0.008,-0.145,-0.973,0.984
2020-12-12 9:14:16.2170,0.006,-0.145,-0.969,0.98
2020-12-12 9:14:16.2270,0.005,-0.145,-0.968,0.979
2020-12-12 9:14:16.2370,0.005,-0.147,-0.969,0.98
2020-12-12 9:14:16.2480,0.006,-0.15,-0.972,0.984
2020-12-12 9:14:16.2580,0.004,-0.152,-0.971,0.983
2020-12-12 9:14:16.2710,0.004,-0.152,-0.971,0.983
2020-12-12 9:14:16.2920,0.009,-0.153,-0.981,0.993
2020-12-12 9:14:16.2930,0.009,-0.153,-0.981,0.993
2020-12-12 9:14:16.2970,0.012,-0.153,-0.991,1.003
2020-12-12 9:14:16.3070,0.012,-0.151,-0.997,1.008
2020-12-12 9:14:16.3170,0.011,-0.148,-1.003,1.014
2020-12-12 9:14:16.3280,0.011,-0.146,-1.006,1.017
2020-12-12 9:14:16.3370,0.013,-0.144,-1.006,1.016
2020-12-12 9:14:16.3480,0.014,-0.143,-1.0,1.01
2020-12-12 9:14:16.3570,0.014,-0.142,-0.99,1.0
2020-12-12 9:14:16.3720,0.015,-0.142,-0.978,0.988
2020-12-12 9:14:16.3920,0.009,-0.148,-0.963,0.974
2020-12-12 9:14:16.3920,0.009,-0.148,-0.963,0.974
2020-12-12 9:14:16.3970,0.007,-0.148,-0.962,0.973
2020-12-12 9:14:16.4110,0.008,-0.148,-0.969,0.98
2020-12-12 9:14:16.4170,0.008,-0.147,-0.981,0.992
2020-12-12 9:14:16.4270,0.009,-0.144,-0.996,1.006
2020-12-12 9:14:16.4380,0.009,-0.141,-1.01,1.02
2020-12-12 9:14:16.4480,0.009,-0.137,-1.023,1.032
2020-12-12 9:14:16.4580,0.009,-0.136,-1.027,1.036
2020-12-12 9:14:16.4730,0.011,-0.134,-1.02,1.029
2020-12-12 9:14:16.4930,0.013,-0.134,-1.003,1.012
2020-12-12 9:14:16.4930,0.013,-0.134,-1.003,1.012
2020-12-12 9:14:16.4970,0.012,-0.134,-0.994,1.003
2020-12-12 9:14:16.5110,0.01,-0.135,-0.992,1.001
2020-12-12 9:14:16.5170,0.009,-0.135,-0.994,1.003
2020-12-12 9:14:16.5280,0.008,-0.135,-0.997,1.006
2020-12-12 9:14:16.5380,0.007,-0.133,-1.002,1.011
2020-12-12 9:14:16.5480,0.008,-0.133,-1.004,1.013
2020-12-12 9:14:16.5580,0.01,-0.132,-1.001,1.01
2020-12-12 9:14:16.5830,0.01,-0.136,-0.986,0.995
2020-12-12 9:14:16.5840,0.01,-0.136,-0.986,0.995
2020-12-12 9:14:16.5880,0.009,-0.139,-0.977,0.987
2020-12-12 9:14:16.5980,0.009,-0.14,-0.972,0.982
2020-12-12 9:14:16.6080,0.009,-0.143,-0.967,0.978
2020-12-12 9:14:16.6180,0.001,-0.142,-0.976,0.986
2020-12-12 9:14:16.6280,-0.002,-0.141,-0.981,0.991
2020-12-12 9:14:16.6380,-0.003,-0.144,-0.988,0.998
2020-12-12 9:14:16.6480,-0.001,-0.143,-0.995,1.005
2020-12-12 9:14:16.6580,0.002,-0.141,-1.006,1.016
2020-12-12 9:14:16.6940,-0.004,-0.151,-1.017,1.028
2020-12-12 9:14:16.6940,-0.004,-0.151,-1.017,1.028
2020-12-12 9:14:16.6940,-0.004,-0.151,-1.017,1.028
2020-12-12 9:14:16.6980,-0.005,-0.151,-1.021,1.032
2020-12-12 9:14:16.7080,-0.005,-0.15,-1.024,1.035
2020-12-12 9:14:16.7180,-0.006,-0.148,-1.026,1.037
2020-12-12 9:14:16.7280,-0.005,-0.146,-1.026,1.036
2020-12-12 9:14:16.7380,-0.003,-0.144,-1.02,1.03
2020-12-12 9:14:16.7480,-0.003,-0.142,-1.007,1.017
2020-12-12 9:14:16.7590,-0.006,-0.144,-0.986,0.996
2020-12-12 9:14:16.7730,-0.009,-0.147,-0.96,0.971
2020-12-12 9:14:16.7940,-0.014,-0.153,-0.909,0.922
2020-12-12 9:14:16.7940,-0.014,-0.153,-0.909,0.922
2020-12-12 9:14:16.7980,-0.012,-0.156,-0.897,0.911
2020-12-12 9:14:16.8110,-0.004,-0.157,-0.893,0.907
2020-12-12 9:14:16.8180,0.001,-0.158,-0.898,0.912
2020-12-12 9:14:16.8280,0.003,-0.159,-0.914,0.928
2020-12-12 9:14:16.8390,0.004,-0.161,-0.933,0.947
2020-12-12 9:14:16.8480,0.005,-0.161,-0.956,0.969
2020-12-12 9:14:16.8590,0.009,-0.161,-0.975,0.988
2020-12-12 9:14:16.8730,0.014,-0.161,-0.99,1.003
2020-12-12 9:14:16.8930,0.015,-0.162,-1.009,1.022
2020-12-12 9:14:16.8930,0.015,-0.162,-1.009,1.022
2020-12-12 9:14:16.8980,0.008,-0.165,-1.012,1.025
2020-12-12 9:14:16.9120,0.005,-0.165,-1.011,1.024
2020-12-12 9:14:16.9180,0.001,-0.167,-1.006,1.02
2020-12-12 9:14:16.9280,-0.001,-0.167,-0.999,1.013
2020-12-12 9:14:16.9380,-0.005,-0.168,-0.995,1.009
2020-12-12 9:14:16.9490,-0.006,-0.168,-0.988,1.002
2020-12-12 9:14:16.9590,-0.002,-0.165,-0.986,1.0
2020-12-12 9:14:16.9730,0.001,-0.159,-0.99,1.003
2020-12-12 9:14:16.9920,0.009,-0.148,-0.997,1.008
2020-12-12 9:14:16.9930,0.009,-0.148,-0.997,1.008
2020-12-12 9:14:16.9980,0.009,-0.142,-1.001,1.011
2020-12-12 9:14:17.0090,0.008,-0.139,-1.001,1.011
2020-12-12 9:14:17.0190,0.005,-0.138,-0.995,1.005
2020-12-12 9:14:17.0290,0.002,-0.139,-0.987,0.997
2020-12-12 9:14:17.0390,-0.001,-0.14,-0.985,0.995
2020-12-12 9:14:17.0490,-0.003,-0.14,-0.987,0.997
2020-12-12 9:14:17.0600,-0.002,-0.141,-0.989,0.999
2020-12-12 9:14:17.0900,0.005,-0.141,-0.992,1.002
2020-12-12 9:14:17.0900,0.005,-0.141,-0.992,1.002
2020-12-12 9:14:17.0900,0.005,-0.141,-0.992,1.002
2020-12-12 9:14:17.0990,0.007,-0.143,-0.989,0.999
2020-12-12 9:14:17.1090,0.01,-0.145,-0.986,0.997
2020-12-12 9:14:17.1190,0.006,-0.15,-0.982,0.993
2020-12-12 9:14:17.1290,-0.0,-0.154,-0.98,0.992
2020-12-12 9:14:17.1390,-0.004,-0.156,-0.984,0.996
2020-12-12 9:14:17.1490,-0.004,-0.159,-0.992,1.005
2020-12-12 9:14:17.1590,-0.005,-0.159,-1.0,1.013
2020-12-12 9:14:17.1740,-0.008,-0.157,-1.006,1.018
2020-12-12 9:14:17.1950,-0.007,-0.154,-1.006,1.018
2020-12-12 9:14:17.1950,-0.007,-0.154,-1.006,1.018
2020-12-12 9:14:17.1990,-0.005,-0.155,-1.003,1.015
2020-12-12 9:14:17.2130,-0.003,-0.152,-1.0,1.011
2020-12-12 9:14:17.2190,-0.002,-0.15,-0.995,1.006
2020-12-12 9:14:17.2290,-0.0,-0.15,-0.988,0.999
2020-12-12 9:14:17.2390,0.001,-0.15,-0.982,0.993
2020-12-12 9:14:17.2490,0.001,-0.15,-0.977,0.988
2020-12-12 9:14:17.2600,-0.003,-0.151,-0.971,0.983
2020-12-12 9:14:17.2740,-0.002,-0.152,-0.972,0.984
2020-12-12 9:14:17.2950,0.002,-0.151,-0.982,0.994
2020-12-12 9:14:17.2950,0.002,-0.151,-0.982,0.994
2020-12-12 9:14:17.2990,-0.0,-0.15,-0.991,1.002
2020-12-12 9:14:17.3130,-0.002,-0.148,-1.0,1.011
2020-12-12 9:14:17.3190,0.001,-0.146,-0.998,1.009
2020-12-12 9:14:17.3290,0.003,-0.147,-0.99,1.001
2020-12-12 9:14:17.3390,0.007,-0.15,-0.978,0.989
2020-12-12 9:14:17.3490,0.013,-0.154,-0.966,0.978
2020-12-12 9:14:17.3600,0.016,-0.159,-0.958,0.971
2020-12-12 9:14:17.3740,0.019,-0.159,-0.956,0.969
2020-12-12 9:14:17.3940,0.022,-0.154,-0.971,0.983
2020-12-12 9:14:17.3940,0.022,-0.154,-0.971,0.983
2020-12-12 9:14:17.3990,0.02,-0.152,-0.977,0.989
2020-12-12 9:14:17.4140,0.015,-0.151,-0.979,0.991
2020-12-12 9:14:17.4190,0.009,-0.152,-0.977,0.989
2020-12-12 9:14:17.4300,0.003,-0.155,-0.971,0.983
2020-12-12 9:14:17.4390,-0.002,-0.159,-0.965,0.978
2020-12-12 9:14:17.4500,-0.005,-0.16,-0.964,0.977
2020-12-12 9:14:17.4600,-0.008,-0.161,-0.966,0.979
2020-12-12 9:14:17.4930,-0.001,-0.159,-0.986,0.999
2020-12-12 9:14:17.4930,-0.001,-0.159,-0.986,0.999
2020-12-12 9:14:17.4930,-0.001,-0.159,-0.986,0.999
2020-12-12 9:14:17.4990,0.002,-0.158,-0.99,1.003
2020-12-12 9:14:17.5100,0.003,-0.156,-0.99,1.002
2020-12-12 9:14:17.5200,0.001,-0.156,-0.991,1.003
2020-12-12 9:14:17.5300,-0.001,-0.158,-0.989,1.002
2020-12-12 9:14:17.5400,-0.003,-0.158,-0.985,0.998
2020-12-12 9:14:17.5500,-0.003,-0.157,-0.981,0.993
2020-12-12 9:14:17.5600,-0.005,-0.155,-0.979,0.991
2020-12-12 9:14:17.5740,-0.007,-0.154,-0.979,0.991
2020-12-12 9:14:17.5950,-0.009,-0.151,-0.979,0.991
2020-12-12 9:14:17.5950,-0.009,-0.151,-0.979,0.991
2020-12-12 9:14:17.5990,-0.009,-0.149,-0.983,0.994
2020-12-12 9:14:17.6130,-0.008,-0.149,-0.988,0.999
2020-12-12 9:14:17.6200,-0.01,-0.149,-0.991,1.002
2020-12-12 9:14:17.6300,-0.011,-0.149,-0.996,1.007
2020-12-12 9:14:17.6400,-0.008,-0.146,-1.0,1.011
2020-12-12 9:14:17.6500,-0.004,-0.144,-1.004,1.014
2020-12-12 9:14:17.6600,-0.004,-0.141,-1.005,1.015
2020-12-12 9:14:17.6960,0.003,-0.138,-1.008,1.017
2020-12-12 9:14:17.6960,0.003,-0.138,-1.008,1.017
2020-12-12 9:14:17.6960,0.003,-0.138,-1.008,1.017
2020-12-12 9:14:17.7000,0.005,-0.139,-1.007,1.017
2020-12-12 9:14:17.7100,0.005,-0.139,-1.002,1.012
2020-12-12 9:14:17.7200,0.008,-0.139,-0.993,1.003
2020-12-12 9:14:17.7300,0.008,-0.14,-0.987,0.997
2020-12-12 9:14:17.7400,0.008,-0.138,-0.982,0.992
2020-12-12 9:14:17.7500,0.007,-0.136,-0.982,0.991
2020-12-12 9:14:17.7600,0.006,-0.136,-0.985,0.994
2020-12-12 9:14:17.7960,-0.004,-0.143,-1.0,1.01
2020-12-12 9:14:17.7970,-0.004,-0.143,-1.0,1.01
2020-12-12 9:14:17.7970,-0.004,-0.143,-1.0,1.01
2020-12-12 9:14:17.8000,-0.007,-0.146,-1.003,1.014
2020-12-12 9:14:17.8100,-0.007,-0.148,-1.007,1.018
2020-12-12 9:14:17.8200,-0.007,-0.149,-1.009,1.02
2020-12-12 9:14:17.8300,-0.004,-0.15,-1.007,1.018
2020-12-12 9:14:17.8400,-0.003,-0.151,-1.006,1.017
2020-12-12 9:14:17.8500,-0.004,-0.151,-1.006,1.017
2020-12-12 9:14:17.8610,-0.005,-0.152,-1.007,1.018
2020-12-12 9:14:17.8750,-0.005,-0.151,-1.008,1.019
2020-12-12 9:14:17.8960,-0.003,-0.15,-1.011,1.022
2020-12-12 9:14:17.8970,-0.003,-0.15,-1.011,1.022
2020-12-12 9:14:17.9000,-0.003,-0.15,-1.014,1.025
2020-12-12 9:14:17.9140,-0.005,-0.149,-1.015,1.026
2020-12-12 9:14:17.9200,-0.004,-0.147,-1.014,1.025
2020-12-12 9:14:17.9310,-0.003,-0.144,-1.007,1.017
2020-12-12 9:14:17.9400,-0.003,-0.143,-0.996,1.006
2020-12-12 9:14:17.9500,-0.003,-0.145,-0.981,0.992
2020-12-12 9:14:17.9610,-0.004,-0.146,-0.961,0.972
2020-12-12 9:14:17.9760,-0.003,-0.148,-0.94,0.952
2020-12-12 9:14:17.9960,0.003,-0.155,-0.907,0.92
2020-12-12 9:14:17.9960,0.003,-0.155,-0.907,0.92
2020-12-12 9:14:18.0000,0.005,-0.157,-0.898,0.912
2020-12-12 9:14:18.0100,0.007,-0.157,-0.903,0.917
2020-12-12 9:14:18.0210,0.008,-0.157,-0.919,0.932
2020-12-12 9:14:18.0300,0.008,-0.157,-0.943,0.956
2020-12-12 9:14:18.0410,0.008,-0.16,-0.965,0.978
2020-12-12 9:14:18.0510,0.008,-0.161,-0.982,0.995
2020-12-12 9:14:18.0610,0.006,-0.161,-0.992,1.005
2020-12-12 9:14:18.0750,0.004,-0.161,-0.997,1.01
2020-12-12 9:14:18.0980,0.0,-0.165,-0.989,1.003
2020-12-12 9:14:18.0980,0.0,-0.165,-0.989,1.003
2020-12-12 9:14:18.1000,-0.004,-0.166,-0.985,0.999
2020-12-12 9:14:18.1150,-0.006,-0.168,-0.982,0.996
2020-12-12 9:14:18.1210,-0.007,-0.169,-0.982,0.996
2020-12-12 9:14:18.1310,-0.008,-0.169,-0.986,1.0
2020-12-12 9:14:18.1410,-0.003,-0.167,-0.993,1.007
2020-12-12 9:14:18.1510,0.002,-0.163,-1.003,1.016
2020-12-12 9:14:18.1610,0.004,-0.157,-1.009,1.021
2020-12-12 9:14:18.1940,0.003,-0.148,-1.017,1.028
2020-12-12 9:14:18.1950,0.003,-0.148,-1.017,1.028
2020-12-12 9:14:18.1950,0.003,-0.148,-1.017,1.028
2020-12-12 9:14:18.2010,0.003,-0.145,-1.009,1.019
2020-12-12 9:14:18.2110,0.001,-0.143,-0.998,1.008
2020-12-12 9:14:18.2210,0.004,-0.142,-0.989,0.999
2020-12-12 9:14:18.2310,0.006,-0.141,-0.978,0.988
2020-12-12 9:14:18.2410,0.004,-0.141,-0.972,0.982
2020-12-12 9:14:18.2510,0.003,-0.141,-0.966,0.976
2020-12-12 9:14:18.2610,0.007,-0.141,-0.965,0.975
2020-12-12 9:14:18.2760,0.01,-0.14,-0.969,0.979
2020-12-12 9:14:18.2980,0.009,-0.145,-0.979,0.99
2020-12-12 9:14:18.2990,0.009,-0.145,-0.979,0.99
2020-12-12 9:14:18.3010,0.009,-0.145,-0.984,0.995
2020-12-12 9:14:18.3150,0.009,-0.147,-0.989,1.0
2020-12-12 9:14:18.3210,0.006,-0.151,-0.992,1.003
2020-12-12 9:14:18.3320,0.005,-0.153,-0.995,1.007
2020-12-12 9:14:18.3410,0.006,-0.156,-0.999,1.011
2020-12-12 9:14:18.3520,0.005,-0.158,-1.001,1.013
2020-12-12 9:14:18.3610,0.003,-0.158,-1.001,1.013
2020-12-12 9:14:18.3760,0.002,-0.158,-1.005,1.017
2020-12-12 9:14:18.3980,0.003,-0.161,-1.007,1.02
2020-12-12 9:14:18.3980,0.003,-0.161,-1.007,1.02
2020-12-12 9:14:18.4010,0.004,-0.16,-1.007,1.02
2020-12-12 9:14:18.4150,0.003,-0.159,-1.009,1.021
2020-12-12 9:14:18.4210,0.007,-0.16,-1.012,1.025
2020-12-12 9:14:18.4320,0.01,-0.158,-1.009,1.021
2020-12-12 9:14:18.4420,0.009,-0.155,-1.004,1.016
2020-12-12 9:14:18.4520,0.009,-0.15,-1.001,1.012
2020-12-12 9:14:18.4620,0.009,-0.145,-0.995,1.006
2020-12-12 9:14:18.4760,0.006,-0.143,-0.988,0.998
2020-12-12 9:14:18.4990,0.004,-0.147,-0.954,0.965
2020-12-12 9:14:18.4990,0.004,-0.147,-0.954,0.965
2020-12-12 9:14:18.5010,0.004,-0.15,-0.931,0.943
2020-12-12 9:14:18.5160,0.002,-0.154,-0.912,0.925
2020-12-12 9:14:18.5210,0.003,-0.16,-0.897,0.911
2020-12-12 9:14:18.5320,0.006,-0.165,-0.892,0.907
2020-12-12 9:14:18.5420,0.011,-0.168,-0.899,0.915
2020-12-12 9:14:18.5520,0.013,-0.17,-0.918,0.934
2020-12-12 9:14:18.5620,0.016,-0.169,-0.947,0.962
2020-12-12 9:14:18.5950,0.016,-0.166,-1.028,1.041
2020-12-12 9:14:18.5960,0.016,-0.166,-1.028,1.041
2020-12-12 9:14:18.5960,0.016,-0.166,-1.028,1.041
2020-12-12 9:14:18.6010,0.013,-0.165,-1.037,1.05
2020-12-12 9:14:18.6110,0.01,-0.166,-1.032,1.045
2020-12-12 9:14:18.6220,0.004,-0.17,-1.021,1.035
2020-12-12 9:14:18.6320,0.003,-0.173,-1.007,1.022
2020-12-12 9:14:18.6420,0.004,-0.175,-0.996,1.011
2020-12-12 9:14:18.6520,0.004,-0.172,-0.993,1.008
2020-12-12 9:14:18.6620,0.003,-0.169,-0.995,1.009
2020-12-12 9:14:18.6960,0.005,-0.153,-0.995,1.007
2020-12-12 9:14:18.6960,0.005,-0.153,-0.995,1.007
2020-12-12 9:14:18.6960,0.005,-0.153,-0.995,1.007
2020-12-12 9:14:18.7020,0.006,-0.15,-0.992,1.003
2020-12-12 9:14:18.7120,0.007,-0.149,-0.985,0.996
2020-12-12 9:14:18.7220,0.005,-0.146,-0.978,0.989
2020-12-12 9:14:18.7320,0.003,-0.144,-0.975,0.986
2020-12-12 9:14:18.7420,0.002,-0.144,-0.971,0.982
2020-12-12 9:14:18.7520,0.005,-0.144,-0.971,0.982
2020-12-12 9:14:18.7630,0.009,-0.142,-0.973,0.983
2020-12-12 9:14:18.8000,0.012,-0.145,-1.004,1.014
2020-12-12 9:14:18.8000,0.012,-0.145,-1.004,1.014
2020-12-12 9:14:18.8010,0.012,-0.145,-1.004,1.014
2020-12-12 9:14:18.8020,0.01,-0.146,-1.01,1.021
2020-12-12 9:14:18.8120,0.011,-0.145,-1.014,1.024
2020-12-12 9:14:18.8220,0.01,-0.146,-1.012,1.023
2020-12-12 9:14:18.8320,0.009,-0.149,-1.007,1.018
2020-12-12 9:14:18.8420,0.008,-0.151,-0.998,1.009
2020-12-12 9:14:18.8520,0.008,-0.155,-0.991,1.003
2020-12-12 9:14:18.8630,0.007,-0.159,-0.984,0.997
2020-12-12 9:14:18.8770,0.008,-0.162,-0.98,0.993
2020-12-12 9:14:18.9000,0.006,-0.161,-0.984,0.997
2020-12-12 9:14:18.9010,0.006,-0.161,-0.984,0.997
2020-12-12 9:14:18.9020,0.009,-0.159,-0.99,1.003
2020-12-12 9:14:18.9170,0.01,-0.157,-0.997,1.009
2020-12-12 9:14:18.9220,0.009,-0.155,-1.002,1.014
2020-12-12 9:14:18.9340,0.009,-0.152,-1.001,1.013
2020-12-12 9:14:18.9420,0.01,-0.152,-1.0,1.012
2020-12-12 9:14:18.9520,0.008,-0.153,-0.998,1.01
2020-12-12 9:14:18.9630,0.009,-0.154,-0.993,1.005
2020-12-12 9:14:18.9990,0.006,-0.155,-0.996,1.008
2020-12-12 9:14:18.9990,0.006,-0.155,-0.996,1.008
2020-12-12 9:14:18.9990,0.006,-0.155,-0.996,1.008
2020-12-12 9:14:19.0020,0.005,-0.157,-1.003,1.015
2020-12-12 9:14:19.0120,0.006,-0.157,-1.013,1.025
2020-12-12 9:14:19.0220,0.008,-0.158,-1.021,1.033
2020-12-12 9:14:19.0330,0.008,-0.16,-1.027,1.039
2020-12-12 9:14:19.0430,0.009,-0.162,-1.034,1.047
2020-12-12 9:14:19.0530,0.009,-0.162,-1.042,1.055
2020-12-12 9:14:19.0630,0.008,-0.162,-1.049,1.061
2020-12-12 9:14:19.0770,0.007,-0.164,-1.049,1.062
2020-12-12 9:14:19.1020,0.007,-0.167,-1.022,1.036
2020-12-12 9:14:19.1020,0.007,-0.167,-1.022,1.036
2020-12-12 9:14:19.1030,0.009,-0.167,-0.997,1.011
2020-12-12 9:14:19.1180,0.007,-0.167,-0.965,0.979
2020-12-12 9:14:19.1220,0.007,-0.17,-0.931,0.946
2020-12-12 9:14:19.1340,0.009,-0.172,-0.9,0.916
2020-12-12 9:14:19.1430,0.013,-0.172,-0.877,0.894
2020-12-12 9:14:19.1530,0.019,-0.178,-0.866,0.884
2020-12-12 9:14:19.1630,0.022,-0.187,-0.869,0.889
2020-12-12 9:14:19.1990,0.017,-0.196,-0.927,0.948
2020-12-12 9:14:19.1990,0.017,-0.196,-0.927,0.948
2020-12-12 9:14:19.1990,0.017,-0.196,-0.927,0.948
2020-12-12 9:14:19.2020,0.017,-0.19,-0.961,0.98
2020-12-12 9:14:19.2120,0.017,-0.183,-0.996,1.013
2020-12-12 9:14:19.2230,0.01,-0.18,-1.024,1.04
2020-12-12 9:14:19.2330,0.0,-0.184,-1.042,1.058
2020-12-12 9:14:19.2430,-0.008,-0.19,-1.052,1.069
2020-12-12 9:14:19.2530,-0.01,-0.193,-1.05,1.068
2020-12-12 9:14:19.2630,-0.01,-0.195,-1.04,1.058
2020-12-12 9:14:19.2780,-0.008,-0.197,-1.027,1.046
2020-12-12 9:14:19.3030,-0.005,-0.187,-1.0,1.017
2020-12-12 9:14:19.3030,-0.005,-0.187,-1.0,1.017
2020-12-12 9:14:19.3030,-0.005,-0.187,-1.0,1.017
2020-12-12 9:14:19.3130,-0.002,-0.184,-0.995,1.012
2020-12-12 9:14:19.3230,-0.002,-0.182,-0.994,1.011
2020-12-12 9:14:19.3330,-0.005,-0.18,-0.991,1.007
2020-12-12 9:14:19.3440,-0.004,-0.179,-0.985,1.001
2020-12-12 9:14:19.3530,0.002,-0.179,-0.97,0.986
2020-12-12 9:14:19.3640,0.006,-0.178,-0.955,0.971
2020-12-12 9:14:19.3780,0.007,-0.179,-0.94,0.957
2020-12-12 9:14:19.4030,0.008,-0.185,-0.925,0.943
2020-12-12 9:14:19.4030,0.008,-0.185,-0.925,0.943
2020-12-12 9:14:19.4040,0.008,-0.185,-0.925,0.943
2020-12-12 9:14:19.4130,0.004,-0.185,-0.931,0.949
2020-12-12 9:14:19.4230,-0.0,-0.184,-0.937,0.955
2020-12-12 9:14:19.4330,-0.005,-0.185,-0.946,0.964
2020-12-12 9:14:19.4430,-0.01,-0.187,-0.955,0.973
2020-12-12 9:14:19.4530,-0.014,-0.188,-0.968,0.986
2020-12-12 9:14:19.4630,-0.02,-0.19,-0.98,0.998
2020-12-12 9:14:19.4760,-0.02,-0.193,-0.985,1.004
2020-12-12 9:14:19.4950,-0.019,-0.198,-0.986,1.006
2020-12-12 9:14:19.4960,-0.019,-0.198,-0.986,1.006
2020-12-12 9:14:19.5030,-0.016,-0.202,-0.976,0.997
2020-12-12 9:14:19.5130,-0.011,-0.206,-0.969,0.991
2020-12-12 9:14:19.5240,-0.004,-0.211,-0.961,0.984
2020-12-12 9:14:19.5330,0.006,-0.213,-0.959,0.982
2020-12-12 9:14:19.5440,0.011,-0.213,-0.966,0.989
2020-12-12 9:14:19.5540,0.012,-0.213,-0.974,0.997
2020-12-12 9:14:19.5640,0.014,-0.214,-0.977,1.0
2020-12-12 9:14:19.5780,0.014,-0.217,-0.973,0.997
2020-12-12 9:14:19.6000,0.017,-0.221,-0.948,0.974
2020-12-12 9:14:19.6010,0.017,-0.221,-0.948,0.974
2020-12-12 9:14:19.6030,0.023,-0.219,-0.941,0.966
2020-12-12 9:14:19.6200,0.023,-0.217,-0.947,0.972
2020-12-12 9:14:19.6240,0.026,-0.216,-0.96,0.984
2020-12-12 9:14:19.6360,0.031,-0.213,-0.969,0.993
2020-12-12 9:14:19.6440,0.032,-0.209,-0.969,0.992
2020-12-12 9:14:19.6540,0.028,-0.207,-0.957,0.98
2020-12-12 9:14:19.6640,0.023,-0.207,-0.939,0.962
2020-12-12 9:14:19.6790,0.018,-0.207,-0.919,0.942
2020-12-12 9:14:19.6990,0.011,-0.211,-0.91,0.934
2020-12-12 9:14:19.6990,0.011,-0.211,-0.91,0.934
2020-12-12 9:14:19.7030,0.014,-0.211,-0.926,0.95
2020-12-12 9:14:19.7190,0.018,-0.211,-0.95,0.973
2020-12-12 9:14:19.7240,0.022,-0.209,-0.973,0.995
2020-12-12 9:14:19.7360,0.023,-0.205,-0.993,1.014
2020-12-12 9:14:19.7440,0.021,-0.201,-1.006,1.026
2020-12-12 9:14:19.7540,0.018,-0.2,-1.006,1.026
2020-12-12 9:14:19.7640,0.018,-0.201,-1.003,1.023
2020-12-12 9:14:19.7790,0.02,-0.202,-1.001,1.021
2020-12-12 9:14:19.8000,0.027,-0.205,-0.996,1.017
2020-12-12 9:14:19.8010,0.027,-0.205,-0.996,1.017
2020-12-12 9:14:19.8040,0.029,-0.201,-0.996,1.016
2020-12-12 9:14:19.8190,0.026,-0.196,-0.994,1.013
2020-12-12 9:14:19.8240,0.022,-0.191,-0.993,1.011
2020-12-12 9:14:19.8360,0.019,-0.186,-0.997,1.014
2020-12-12 9:14:19.8440,0.018,-0.185,-1.002,1.019
2020-12-12 9:14:19.8540,0.018,-0.187,-1.002,1.019
2020-12-12 9:14:19.8640,0.022,-0.187,-1.0,1.018
2020-12-12 9:14:19.8790,0.025,-0.181,-0.997,1.014
2020-12-12 9:14:19.9000,0.024,-0.176,-0.991,1.007
2020-12-12 9:14:19.9010,0.024,-0.176,-0.991,1.007
2020-12-12 9:14:19.9040,0.021,-0.175,-0.993,1.009
2020-12-12 9:14:19.9200,0.022,-0.174,-0.994,1.009
2020-12-12 9:14:19.9240,0.023,-0.176,-0.995,1.011
2020-12-12 9:14:19.9360,0.023,-0.175,-0.998,1.013
2020-12-12 9:14:19.9440,0.019,-0.174,-1.006,1.021
2020-12-12 9:14:19.9550,0.002,-0.168,-1.018,1.032
2020-12-12 9:14:19.9650,0.011,-0.173,-1.01,1.025
2020-12-12 9:14:19.9790,0.029,-0.191,-1.005,1.023
2020-12-12 9:14:20.0020,0.02,-0.181,-1.001,1.017
2020-12-12 9:14:20.0030,0.02,-0.181,-1.001,1.017
2020-12-12 9:14:20.0040,0.013,-0.174,-1.0,1.015
2020-12-12 9:14:20.0200,0.016,-0.176,-0.998,1.014
2020-12-12 9:14:20.0240,0.026,-0.185,-0.993,1.01
2020-12-12 9:14:20.0370,0.029,-0.182,-0.991,1.008
2020-12-12 9:14:20.0450,0.028,-0.176,-0.988,1.004
2020-12-12 9:14:20.0550,0.029,-0.177,-0.982,0.998
2020-12-12 9:14:20.0650,0.031,-0.179,-0.979,0.996
2020-12-12 9:14:20.1000,0.028,-0.178,-0.99,1.006
2020-12-12 9:14:20.1000,0.028,-0.178,-0.99,1.006
2020-12-12 9:14:20.1000,0.028,-0.178,-0.99,1.006
2020-12-12 9:14:20.1040,0.028,-0.181,-0.991,1.008
2020-12-12 9:14:20.1150,0.022,-0.181,-0.993,1.01
2020-12-12 9:14:20.1250,0.026,-0.185,-0.988,1.006
2020-12-12 9:14:20.1350,0.034,-0.193,-0.99,1.009
2020-12-12 9:14:20.1450,0.029,-0.193,-0.992,1.011
2020-12-12 9:14:20.1550,0.022,-0.197,-0.991,1.011
2020-12-12 9:14:20.1650,0.017,-0.2,-0.986,1.006
2020-12-12 9:14:20.1790,0.015,-0.197,-0.987,1.007
2020-12-12 9:14:20.1990,0.018,-0.213,-0.988,1.011
2020-12-12 9:14:20.2000,0.018,-0.213,-0.988,1.011
2020-12-12 9:14:20.2040,0.02,-0.22,-0.986,1.01
2020-12-12 9:14:20.2220,0.018,-0.218,-0.982,1.006
2020-12-12 9:14:20.2250,0.015,-0.215,-0.977,1.0
2020-12-12 9:14:20.2370,0.012,-0.216,-0.972,0.996
2020-12-12 9:14:20.2450,0.015,-0.22,-0.972,0.997
2020-12-12 9:14:20.2550,0.02,-0.22,-0.971,0.996
2020-12-12 9:14:20.2650,0.022,-0.219,-0.97,0.995
2020-12-12 9:14:20.2800,0.023,-0.217,-0.965,0.989
2020-12-12 9:14:20.3000,0.031,-0.213,-0.969,0.993
2020-12-12 9:14:20.3010,0.031,-0.213,-0.969,0.993
2020-12-12 9:14:20.3040,0.034,-0.211,-0.956,0.98
2020-12-12 9:14:20.3210,0.034,-0.207,-0.946,0.969
2020-12-12 9:14:20.3250,0.03,-0.21,-0.94,0.964
2020-12-12 9:14:20.3370,0.019,-0.216,-0.932,0.957
2020-12-12 9:14:20.3450,0.019,-0.21,-0.923,0.947
2020-12-12 9:14:20.3550,0.022,-0.21,-0.919,0.943
2020-12-12 9:14:20.3650,0.022,-0.215,-0.921,0.946
2020-12-12 9:14:20.3800,0.026,-0.218,-0.927,0.953
2020-12-12 9:14:20.4010,0.026,-0.219,-0.938,0.964
2020-12-12 9:14:20.4010,0.026,-0.219,-0.938,0.964
2020-12-12 9:14:20.4050,0.025,-0.222,-0.944,0.97
2020-12-12 9:14:20.4220,0.024,-0.223,-0.947,0.973
2020-12-12 9:14:20.4250,0.023,-0.225,-0.953,0.979
2020-12-12 9:14:20.4380,0.029,-0.224,-0.96,0.986
2020-12-12 9:14:20.4450,0.03,-0.224,-0.97,0.996
2020-12-12 9:14:20.4550,0.032,-0.222,-0.979,1.004
2020-12-12 9:14:20.4660,0.035,-0.22,-0.986,1.011
2020-12-12 9:14:20.4800,0.032,-0.225,-0.992,1.018
2020-12-12 9:14:20.5010,0.032,-0.219,-0.987,1.012
2020-12-12 9:14:20.5010,0.032,-0.219,-0.987,1.012
2020-12-12 9:14:20.5050,0.029,-0.218,-0.984,1.008
2020-12-12 9:14:20.5220,0.027,-0.218,-0.98,1.004
2020-12-12 9:14:20.5250,0.024,-0.216,-0.978,1.002
2020-12-12 9:14:20.5380,0.025,-0.215,-0.974,0.998
2020-12-12 9:14:20.5450,0.026,-0.212,-0.975,0.998
2020-12-12 9:14:20.5560,0.03,-0.206,-0.979,1.001
2020-12-12 9:14:20.5660,0.028,-0.203,-0.984,1.005
2020-12-12 9:14:20.5790,0.021,-0.202,-0.985,1.006
2020-12-12 9:14:20.5980,0.008,-0.207,-0.982,1.004
2020-12-12 9:14:20.5980,0.008,-0.207,-0.982,1.004
2020-12-12 9:14:20.6050,0.005,-0.205,-0.978,0.999
2020-12-12 9:14:20.6160,0.004,-0.198,-0.974,0.994
2020-12-12 9:14:20.6260,0.002,-0.198,-0.971,0.991
2020-12-12 9:14:20.6360,0.003,-0.203,-0.973,0.994
2020-12-12 9:14:20.6460,0.006,-0.204,-0.974,0.995
2020-12-12 9:14:20.6560,0.005,-0.196,-0.979,0.998
2020-12-12 9:14:20.6660,-0.0,-0.185,-0.98,0.997
2020-12-12 9:14:20.6830,-0.008,-0.178,-0.975,0.991
2020-12-12 9:14:20.7030,-0.012,-0.195,-0.988,1.007
2020-12-12 9:14:20.7030,-0.012,-0.195,-0.988,1.007
2020-12-12 9:14:20.7050,0.051,-0.217,-0.976,1.001
2020-12-12 9:14:20.7220,0.058,-0.207,-0.967,0.991
2020-12-12 9:14:20.7260,0.016,-0.204,-0.961,0.983
2020-12-12 9:14:20.7380,-0.011,-0.204,-0.97,0.991
2020-12-12 9:14:20.7460,-0.017,-0.21,-0.999,1.021
2020-12-12 9:14:20.7560,-0.018,-0.197,-1.035,1.054
